/*
Navicat MySQL Data Transfer

Source Server         : test
Source Server Version : 80019
Source Host           : localhost:3306
Source Database       : qqmusic

Target Server Type    : MYSQL
Target Server Version : 80019
File Encoding         : 65001

Date: 2022-06-20 16:02:41
*/

SET FOREIGN_KEY_CHECKS=0;

-- ----------------------------
-- Table structure for `album`
-- ----------------------------
DROP TABLE IF EXISTS `album`;
CREATE TABLE `album` (
  `id` int NOT NULL AUTO_INCREMENT,
  `name` varchar(30) NOT NULL,
  `cover` varchar(30) DEFAULT NULL,
  `publish_time` date NOT NULL,
  `company` varchar(30) NOT NULL,
  `introduction` varchar(1500) CHARACTER SET utf8mb4 COLLATE utf8mb4_0900_ai_ci DEFAULT NULL,
  PRIMARY KEY (`id`)
) ENGINE=InnoDB AUTO_INCREMENT=30010 DEFAULT CHARSET=utf8mb4 COLLATE=utf8mb4_0900_ai_ci;

-- ----------------------------
-- Records of album
-- ----------------------------
INSERT INTO `album` VALUES ('30001', 'Mojito', 'Mojito.jpg', '2020-06-12', '杰威尔音乐有限公司', '夏季限定特调上架！\r\n\r\n周杰伦Jay Chou\r\n\r\n最新拉丁嘻哈沁脾情歌\r\n\r\nMOJITO\r\n\r\n一起恋上古巴的微醺浪漫\r\n\r\n在古巴的海滩，点一杯大文豪海明威最爱的Mojito\r\n\r\n和周杰伦一起品尝异国恋情般的微醺特调\r\n\r\n阅读整个夏季的浪漫！\r\n\r\n2020已迈进下半年，终于听见周杰伦！\r\n\r\n睽违多时周杰伦再推新单曲，用音乐环游世界的他，这次带领大家来到充满音乐、舞蹈的迷幻之城「古巴」，以古巴最著名的鸡尾酒「Mojito」为名而写的这首情歌，一如古巴这个城市以它独有的建筑风景，写成一封封献给天空的情书，「Mojito」就是献给每一对来自世界各地的恋人，最浪漫的特调。\r\n\r\n「Mojito」是一种传统的古巴鸡尾酒，更是大文豪海明威的最爱，如缪斯女神般存在的Mojito，黄俊郎以此酒为主题，为周杰伦这首充满古巴风情、带着轻快的节奏、随兴摇摆曲风的创作，写出一种遇见爱情时，令人神往的浪漫情调；来到一个第一次到访的异国城市，心头涌上一种「旧城市里的新恋情」的激荡，是每个旅人的心情，彷佛前世就来过一般既视感与命运感，让旧城更添一种神秘向往。\r\n\r\n周杰伦以最信手捻来的迷人旋律、以浓郁摇曳的拉丁曲风搭配慵懒不羁的嘻哈，领着好友群，穿着异国情调清爽的夏衫，开着鲜艳复古的老爷车随性捕捉古巴景致；更在ＭＶ里跳着轻快骚莎（Salsa）的舞步，让人不自觉跟着摇摆，心也跟着一起私奔到连海明威都流连忘返的古巴！');
INSERT INTO `album` VALUES ('30002', 'jay', 'jay.jpg', '2000-11-07', '杰威尔音乐有限公司', '专辑中以古典弦乐伴奏及Band，形成英国式的复古风格，加上西班牙式风格的弦乐演奏，意境极度逼近电影配乐。 ⊙周杰伦同名专辑 杰伦 “杰伦”同名专辑，整张曲风充斥着杰伦对音乐的超高技术创作，专辑中以R&B及New Hip-Hop的新曲为主，加上古典巴洛克式弦乐伴奏及Band的加入，形成一种英国式的复古风格，更特别的是，杰伦尝试着把超高难度，西班牙式风格的弦乐演奏，表现在专辑歌曲中，意境却出忽意料的极度逼近电影配乐，这种音乐是台湾目前所没有的。 ⊙这就是杰伦 在外人眼中，他很害羞、很内向，熟识他的朋友，会觉得他有点闷骚(可爱的那一种)，他像邻家大男孩，有时会羞涩、不说话，但是只要跟他提到音乐，他就可以跟你聊很多想法，永远停不下来思考的想法，对于创作音乐，是他生活的一部份，无时无刻在运转着，随时随地就会想到音乐的节奏，只要是身旁有钢琴或正好有吉他，他都可以创作成一首首脍炙人口的歌曲；十八岁那年，杰伦创作了吴宗宪的屋顶、三暝三日、你比从前快乐；许茹芸的蜗牛；王力宏的打开爱；徐若瑄的姊你睡了吗？…等。 ⊙音乐是幻想的 幻想是快乐的 杰伦的音乐新标准 这几年来杰伦一直以音乐制作人身份，从事作词、作曲、编曲等，制作是一种需要前瞻性的工作，杰伦正具备着e世代音乐人的特质；记得有一次与他闲聊，他提到对制作音乐来说，歌声、吉他、键盘，其实都没什么分别，都只占一个音轨而已，他在乎的便是歌曲本身所带来“生命力”，以及无限创造出不同的曲奏，专辑的曲风就能变化万千，让听众百听不腻，要做的音乐，就是做别人还没做的音乐，是好听的，是很屌的。 尤其在这大众都已进化到音乐所带来的听觉感官，十分细腻的同时，更是须要一些新的创作，不再只是概念式叙事的音效，及民歌情调流行乐和新电子风，听杰伦的音乐，可以是幻想的，幻想着快乐，超越空间与时间的束缚，是惊讶的、是舒服的，杰伦是台湾音乐土地上的一股气象‘新势力’，跟着他，出发到另一个音乐新国度吧！ ⊙徐若瑄 MTV处女秀献给好友杰伦 在专辑中，第一主打歌曲‘可爱女人’，是由名导演邝盛执导，MTV中的女主角，是由从未替人跨刀拍摄音乐录影带的艺人“徐若瑄”，也是杰伦相识多年的好朋友，之前两人在音乐上的合作，早就有数次之多，而杰伦同名专辑中，更有三首歌，是由徐若瑄百忙中抽空填词完成的，当然在制作过程中，徐若瑄更亦然决然地答应杰伦，在可爱女人中，担纲女主角的演出，剧中导演并巧妙的安排两人，一段让观众有想像空间的剧情桥段，看到最后才知道是怎么回事，在欣赏MTV的同时，并能感觉到徐若瑄就是杰伦所描述的可爱女人；‘漂亮的让人面红、温柔的让人心疼、透明的让人感动、坏坏的让人疯狂’。 在拍摄可爱女人MTV时，徐若瑄更可爱的道出，在制作过程中，有一次远在日本，帮杰伦写词写到凌晨，传真给杰伦时，杰伦正在大打电动玩具，而没去注意到，让她很生气等一些小火花的产生；专辑里有一首‘伊斯坦堡’，更是徐若瑄，在亲临土耳其伊斯坦堡时，所填的词，两人在音乐上的合作，早已有了一些共识，此次，两人密切合作的作品，相信在听觉上、视觉上，杰伦同名专辑必能带给许多音乐爱好者，一种前所未有的新享受及新感受。 ⊙台湾音乐土地新势力 刚听杰伦的音乐，会让人误以为他是从小被父母亲，送到国外长大的一般型ABC小孩，然后过一会儿，你会很讶异的发现，台湾音乐市场上出现了一股很鲜、很新、很屌的新音乐，这就是杰伦。 没人能预测，新音乐的流行趋势到底是什么？唯有创作出的音乐作品，能与听众产生共鸣，才是真正好音乐。');
INSERT INTO `album` VALUES ('30003', '十一月的萧邦', '十一月的萧邦.jpg', '2005-11-01', '杰威尔音乐有限公司', '⊙今年迟了一点 但是 感觉多了一点… 周杰伦2005最新国语专辑「11月的萧邦」 §浪漫古典因子谱出音乐新诗篇§ 每年夏天，大家似乎都很习惯有周杰伦的音乐相伴，2005年的夏天，周杰伦并没有如同以往的发片，这不是缺席，而是希望音乐在制作上能够更加精细，琢磨再琢磨！今年迟了一点，但，感觉却多了一点！亚洲天王周杰伦的第六张国语专辑「11月的萧邦」，选择在具有浓浓秋意的11月1号发行，虽然比往年迟了一点，但是大家可以在专辑当中，嗅出杰伦潜藏的浪漫古典因子，看到他多放了一点细腻的感觉在音乐里，耐听度更高，「11月的萧邦」将会让你发掘不同面向的周杰伦！ 有「钢琴诗人」之称的萧邦，一直是学习古典音乐出身的杰伦，非常欣赏的音乐家，这位自幼便展现出过人音乐天分的音乐家，一生写下了共21首夜曲，萧邦的夜曲可说是他全部创作中最富于诗意的作品！而杰伦这张新专辑，恰巧每首歌的歌名均极富诗意，如诗般具有画面的音乐作品，散发出浓厚的文学气息，这跟一向习惯以「诗人」为名来作造型的杰伦，可说是再贴切也不过了，所以当唱片公司提出以「11月的萧邦」，作为11月发行的新专辑名称时，双方可说是一拍即合！如果要说当今华语歌坛的「音乐诗人」，杰伦真的可说是当之无愧！「叶惠美」专辑是杰伦对妈妈表达孝心的最好礼物，而「11月的萧邦」，则可说是杰伦对于偶像萧邦，献上最崇高的敬意！ 在杰伦的第六张国语大碟中，包含了4首极限快歌、3首中板歌曲，以及大家最钟爱的抒情慢歌5首，而其中杰伦为电影「头文字D」所创作的「飘移」及「一路向北」两首歌曲，也破天荒以Bonus Track的方式加收于专辑当中，一共12首作品的超值专辑，可说是杰伦发行了六张专辑以来，收录歌曲数量最丰富的一张！而随专辑附赠的三首音乐录像带VCD(夜曲、发如雪、一路向北)，以及在「水都」威尼斯拍摄的「周杰伦2006年浪漫诗篇桌历」，更是在视觉加分外，让死忠歌迷满足了拥有周杰伦的欲望！另外值得一提的是，杰伦与老搭档方文山的合作默契，在这张新专辑里又上一层！在文山掌舵的几首作品里，他为杰伦的曲创造出许多符合音乐诗人气质的词句，让人在聆听整张专辑时，就有如翻开诗集一般的如沐春风！ ⊙华丽宫廷诗人造型 专辑照拍摄场景绝伦奢华 为符合「11月的萧邦」专辑，富有浪漫时期味道的感觉，杰伦特别选择俯拾即是艺术的「水都」威尼斯拍摄专辑照，在没落贵族的华丽城堡当中取景，陈列在其中的精致画像栩栩如生，就仿佛让人置身于「哈利波特」的奇幻世界当中！拍摄专辑封面的地点，位于意大利威尼斯的「圣马可广场」，为了避开拥挤人潮，杰伦和工作人员还特地起了个大清早，凌晨六点钟于无人广场上捕捉镜头，十分辛苦！就连画面中那台钢琴，都是坐了五个小时的船从米兰运来的，如此煞费苦心，无非就是希望呈现出独特的视觉感受给喜爱他的歌迷朋友！而已经自己做了好几张专辑造型的杰伦，这次走的是「华丽宫廷诗人」的造型路线，他冒着行李超重的危险，特别准备高达二十几套的服装，不仅打理好自己，连同MV中演员的服装都照顾到了，期望在专辑照及MV当中完美扮演萧邦的角色，此举也不得不让人佩服亚洲天王的用心良苦哪！ ⊙专辑曲目 ★夜曲 小调情歌与周式饶舌的完美结合，悲怆吉他+古典钢琴凄美纪念逝去恋人，「为你弹奏萧邦的夜曲，纪念我死去的爱情，跟夜风一样的声音，心碎的很好听…」 ★蓝色风暴 「百事可乐」全亚洲广告主题曲。仿巴洛克时期神剧「弥赛亚」气势吟唱铺陈，强劲节奏卷起狂风浩劫，训练你的听觉极速！ ★发如雪 Jay最推荐绝美作品');
INSERT INTO `album` VALUES ('30004', 'Life Continues', 'Life Continues.jpg', '2006-02-18', 'Cinepoly Records Co. Ltd.', '2005年度陈奕迅凭粤语及国语大碟《U-87》和《怎么样》再战华语乐坛，令他再次在香港各大音乐颁奖礼中勇夺不少歌曲及最爱欢迎男歌手等奖项，备受瞩目，单是《U-87》已获2005年度四台联颁音乐大奖，其中《夕阳无限好》更成为至尊金曲。Eason 最后在四大颁奖礼中横扫21个奖项，夺得“传媒大奖”，真正称霸2005年度香港乐坛。2006年，Eason 再接再厉，先为于2月11日至18日举行一连八场的《Get A Life 演唱会》作热身，推出同名EP《Get A Life》。 与《U 87》的主题一样，Eason 新碟的主题是探究人生，希望带出人生是有喜有悲，勿因挫折而自寻短见的讯息，其中不少新歌是他对家庭、事业及人生的写照。主打歌“最佳损友”是 Eason 继一曲《夕阳无限好》后再与 Eric Kwok 合作，黄伟文填词。 ⊙爱女照片做封面 陈奕迅说：“‘Get ALife’的意思是拥有你的生命，‘Life Continues’则是生命的延续，就像女儿的出现是自己的生命在延续一样。我希望这张EP能将生命力带给大家，把最好的音乐延续下去”。EP包含六首全新作品，均由 Swing 组合一手包办，而歌词则是由陈奕迅的另一位好朋友黄伟文操刀。EP中的《最佳损友》是继《夕阳无限好》之后，另一发人深省的作品；《大得太快》是陈奕迅为女儿所写的歌；《落花流水》是一首利用落花流水这种非常诗意的景象，比喻两个人相遇时间的长短并不重要，最重要是你懂不懂得去珍惜；《低调》讲述做人低调总比高调过得自在；《暴殄天物》是想表达现今世人浪费地球物资的感慨作品；《人车志》内容主要是描述每个人总有些时间想抛下所有东西，一个人静静地去想想身边事，而开车兜风便是不错的选择。 除了唱片封套用爱女的照片外，陈奕迅还选了平常随心拍摄的生活照片作为歌词本的插图，歌迷可以在听歌之余还可同时欣赏一下陈奕迅的“个人影展”。');
INSERT INTO `album` VALUES ('30005', '认了吧', '认了吧.jpg', '2007-04-24', 'Cinepoly Records Co. Ltd.', '⊙好久不见陈奕迅最新国语专辑《认了吧》 陈奕迅Eason筹备多时的最新国语专辑《认了吧》将于4月24日在亚洲各地同步推出。 这次用作为专辑名称，Eason说这是与制作过程有关。 「做上一张广东大碟《What\'s Going On》时我本想把它做得统一一些，但后来因时间紧迫而愈做愈乱，就连自己也不知自己想要甚么，所以大碟名便为《What\'s Going On》。」 「到了这次这张国语专辑，构思是把《What\'s Going On》内的歌曲重新填上歌词及编曲，但内容及感觉都要和原先的歌曲有互相呼应之效，不过最后也因为时间关系而未能全部配合到，所以唯有认命吧！专辑名称《认了吧》便是这样而来。」 ⊙不一样的感觉‧再唱一遍 《认了吧》专辑内共有十首歌曲，包括两首全新国语歌：「淘汰」及「快乐男生」；八首改编自《What\'s Going On》大碟的歌曲：「烟味」（裙下之臣）、「红玫瑰」（白玫瑰）、「月黑风高」（黑择明）、「爱情转移」（富士山下）、「好久不见」（不如不见）、「爱是一本书」（心深伤透）、「第一个雅皮士」（最后的嬉皮士）、「白色球鞋」（粤语残片）。 其中两首歌曲是重新编曲，《爱是一本书》变成一首很重R&B味道的歌曲，与原曲《心深伤透》的感觉截然不同；至于《第一个雅皮士》就改编成为一首Big Band Song，感觉蛮新鲜。 至于暖身作品《好久不见》反应相当理想，各界也认为国语版比原本的广东版《不如不见》来得更潇洒；不过大家更期待第一波主打《淘汰》的出现，皆因《淘汰》除了是一首全新的国语作品，更是Eason第一次跟周杰伦合作，由周杰伦包办曲词的作品。 「记得有一次在某个颁奖礼上遇到周杰伦，他说想替我写一首歌，碰巧那时我正构思制作一张和其它歌手或制作人cross over一起作曲一起唱的大碟，所以我觉得那首歌曲实在最适合不过。可惜由于当时有太多工作在身，再加上很难配合到其它人的时间表，所以cross over的计划就一直未能实现。」 「直到开始筹备国语专辑，我才想起倒不如把周杰伦那首好歌放在专辑里，也好过空等那个不知何年何日才可以成事的cross over的计划吧。不过误打误撞，由于时间的关系，这首歌竟成为周杰伦转新公司后第一首写给别人的歌曲，我觉得这样真的蛮有意思呢！」 ⊙Eason期待与「好久不见」的歌迷聚聚 而宣传方面，Eason表示真的很希望能抽多点时间到亚洲每一个地方，和当地的歌迷聚聚。 「前年推出国语专辑《怎么样》时因为时间紧迫，再加上身体不适的关系，所以只去了几个地方作宣传，这次我很希望可以到更多的地方与歌迷见面。目前确定会到的地方包括台湾、马来西亚、上海、北京、南京、成都、长沙、广州等多个地方。」 「这次我也会在各地举办一些音乐会，不过形式会以校园巡回为主，因为已有很多年没有唱过校园巡回，所以想再次感受一下校园巡回那种另类气氛。而且随着自己年纪愈来愈大，担忧也愈来愈多，所以想回归校园！就连拍摄唱片封面我都选择在校园内取景，希望籍此让自己也变得更年轻呢！」 「其实老实说是因为我觉得年轻人，尤其是学生的吸收力往往能比上班族更大，因为他们都像是没有压力似的，听起歌来自然会比较随心，所以我想把我的歌曲及感觉一并带给他们，好让他们可以全数接收。」 最后Eason请大家在细心聆听他的国语歌之余，尝试用心去感受一下当中的歌词意境，皆因这次《认了吧》国语专辑内有很多歌的歌词都写得很美很有意思。而其中《红玫瑰》、《好久不见》及《第一个雅皮士》更能与广东版的歌词有着相互对应之趣味。');
INSERT INTO `album` VALUES ('30006', '绅士', '绅士.jpg', '2015-06-05', '海蝶音乐', '从带上面具的《丑八怪》到摘下礼帽的《绅士》 这，都是薛之谦 这，都是用优雅到极限来诠释伤悲的爱情寓言 3首全唱作谦谦情歌 令每一个爱过的人都痛到慰藉 让每一个爱着的人也为之黯然 出道10年，2015年正式签约海蝶音乐，首次担当制作人的薛之谦，包揽了这张概念EP的所有词曲，仅3首唱作曲目，但是100%的薛之谦。从上一张专辑到《绅士》经历了19个月，往返北京、上海、台北……好好做“音乐”是薛之谦最认真的梦想，不遗余力，甚至有些强迫症。 从《认真的雪》到《你还要我怎样》，薛之谦的情歌，听着总是让人不由的纠结和悲伤。“相对于作曲，我更加喜欢填词。”这一次作为EP总制作人的他，是这样评价自己的。 “在爱情面前，我不是一位《演员》，但愿成为一名《绅士》。” 翻开歌词本，带上耳机，听完这三首歌，你会发现，这里住着一位“心里下着雨”的薛之谦。');
INSERT INTO `album` VALUES ('30007', '天外来物', '天外来物.jpg', '2020-12-31', '潮石音乐', '薛之谦 2020 天外来物 天外本无物 因爱惹情埃 2020 软禁万物于时空胶囊 一人一心 仰望天外求旷世奇珍 无视身上的记忆条形码 无畏时间的透明框架 我们依然聚在人间的乌云中任性等待洁白的音乐初雪 如果真心像彩券漂移人间 你爱我不爱我就像空气若有似无 耗尽所有精神 无奈没有归途 蓝色纸船漂浮在无字的银河 没有人应该私自以为非我不可 复古的月牙小尖尖 是一滴鲁珀特之泪 虚实相依 无量无形 最初无数酸甜往事的纪念品 最后都是念念不忘的违禁品 迟迟没有顿悟的心耳 无法听见潘金莲的梦境诉说 既使苦中把你揉碎捏成苹果作乐 又怎能按捺丘比特的野心勃勃 思念如此前后纵横穿梭于心 音符难怪经纬相恋如影随形 天 外 飞 来 物 外 天 飞 物 来 飞 飞 飞 飞 飞 来 物 飞 天 外 物 来 飞 外 天 薛之谦冬日箴言 飞来 续命 天外来物 你突如其来，独占春色 我坚定选择，非你不可   薛之谦第十一张专辑首波主打《天外来物》由薛之谦作词，罗小黑作曲，POP ROCK曲风营造情绪的强烈感，你深不可测，我义无反顾，求之不得都是美丽的。编曲以弦乐铺陈氛围由浅入深，倾溢坚定也彷徨的心绪，鼓点碰撞心房激荡，点亮星空无边无际，撞击每一份不同的醉心向往。现实卑微，抵不过情不自禁，倾心于你。强力的音乐性坠入似水柔情，迸发而出无尽情意，充盈着猛烈却温柔的感染力。突然闯入世界的你，为生命带来独一无二的欢喜，陷入万劫不复的眷恋，亦满心向你。 在这世界上终有一个人对你来说与众不同，我们就叫它《天外来物》吧。 迟迟 迟迟不收场，对自己撒谎 余生已散场，哪里敢奢望 薛之谦余憾单曲《迟迟》，由子望作词，薛之谦再度合作知名音乐人周以力作曲，生命中的错过辗转反侧，一去不回。编曲以弦乐铺陈通往奢念的方式，将音乐中的渴望体现在编曲递进的情绪中，优雅迷人中尽是无可奈何的怅惘。薛之谦深厚嗓音演绎音乐中交错而生的点滴，长久分离亦满是难忘，余光紧随心意，是谁不敢忘。歌曲语境形式别具新意，以男生诠释女生视角的万般遗憾，不经意的细节里，到底是谁的放不下，又是谁的不勇敢？终归，日后相忘。 把你揉碎捏成苹果 城市空旷，放任回忆 途径落寞，空对执着 薛之谦失意单曲《把你揉碎捏成苹果》由知名音乐人方毅创作并担纲制作，这也是继《那是你离开了北京的生活》后薛之谦与方毅再度合作，编曲婉转柔和，缓缓流淌的钢琴与低沉平缓的弦乐，构成空气里静谧真实的情绪浓度，给你有恃无恐的特权，将自己困在你制造的漩涡不舍得挣脱，甘愿做你的前科。 曾经的亲密无间好似甜度超标的苹果，甜意反锁早已失魂落魄的回忆，不肯逃脱');
INSERT INTO `album` VALUES ('30008', '自定义', '自定义.jpg', '2009-01-10', '华宇世博', 'Vae（许嵩）首张独立创制专辑《自定义》，1月10日正式发行。近年来在网络上凭借多首原创作品及独特个人气质一直人气高涨的Vae，包揽了《自定义》的作词、作曲、编曲、演奏、制作乃至录音、混音等一切工作。12月11-21日，在其官方网站十日预售量即突破一万张，可谓树立了独立音乐人的人气典范。 22岁的Vae，在他的《自定义》里彻头彻尾的实现了自己主宰音乐，定义自我。有如此独当一面的能力的华语歌手本就不多，其中用四个月就能从无到有的交出这样一张优秀唱片的人更少，而交出之后有这么多人趋之若鹜的热议和支持而不是孤芳自赏——并且，这一切都是在没有经纪公司宣传推广的前提下，实在可以说是稀奇了。 我们也向你诚意推荐这张风格独特、听感舒适的《自定义》。 独立营造每一个音乐细节，使得整张专辑充满了浓郁的个人气息。Vae冷色调的感情逻辑贯穿始终，复古和流行碰撞的旋律线条随处可见，全方位的音乐能力展露锋芒。《内线》、《多余的解释》、《如果当时》、《坏孩子》、《城府》等曲目，有强烈的叙事感与自嘲意味，加上若隐若现的黑色幽默，和当下热门大碟里或甜腻或悲痛或忧伤或劲爆的音乐都不同的是，《自定义》里每首作品都好比一出悲喜剧——难以对其定义，难以给其归类，但又有血有肉，惹人玩味。这样既让人有听头、又让人有想头，既有流行潜力、又保持了创作个性的华语歌曲确实为数不多。 《自定义》的感情色彩是灰色的，暗涌的回忆与潜藏的自我调侃交替更迭，在情绪处理上有着超越年龄的成熟和细腻。创作者Vae也似乎压根没有打算让整张专辑的曲风变化多端，摆成一道拼盘——如果几年后《自定义》还被很多人提起，那么这一点一定是个重要因素——风格上的协调性被驾驭的极为出色，但又绝对让人一遍听下来就记得住每首歌的特质。歌词题材方面，亦在小范围内做了大文章，回归情歌本质，以内心体验和情感故事为主，不过也有如《内线》这样涉及杀手暗战的边缘题材让人耳目一新。音乐制作方面，Vae简洁而soft的音乐编配安静舒适，个人辨识度与耐听度很高。当捧着歌词册聆听与玩味《自定义》一遍之后，相信你能感知到它独特的音乐份量。 没有商品化的定位和包装，没有企宣团队的策划和炒作，这张独立唱片也没有像很多初次发片的新人一样为了标榜独特而去大肆玩弄风格流派上的概念。不过，以Vae的网络知名度而言，虽然是初次发片但也算不得新人了。这张自居一格的《自定义》，蕴含着让人欣喜的极大可能。');
INSERT INTO `album` VALUES ('30009', '青年晚报', '青年晚报.jpg', '2016-06-27', '海蝶音乐', '2016年许嵩最新作品《青年晚报》，许嵩第6张词曲全创作专辑。 《青年晚报》，是一个三十而立的青年敞开自己和你面对面交心，也是一家晚报记述着生活的真相和所引发的思考，感性与理性交叠。歌词读来有如摊开一张晚报所看到的版面：社会生活、人生况味、暖心故事、摄影专栏，甚至不缺关于“最佳歌手”的娱乐头条以及“早睡身体好” 的养生大法。闪耀着思维火花的文字，诗性与易读性兼具，偶尔透出冷冷的幽默感，是独属于许嵩的那份亦庄亦谐。 《青年晚报》以宽阔的创作视野展现了多元化的音乐风格，而这一切又统一于许嵩的个人特质，丰富而不散乱。较多曲目以电钢、电吉他以及流动的电子乐音色为串联，铺陈出静谧氛围，一如唱片封面中行走在巴黎街头的青年，背靠夕阳，晚报时分。 音乐制作方面，《青年晚报》由许嵩担任音乐总监并包办制作所有曲目。至今为止许嵩已经一人作词、作曲、唱、制作6张个人专辑，“一人包办制”使得他的专辑一贯具有极为强烈的个人风格。编曲及演奏方面，包括AdamLee、蔡廷贵、郑楠、高飞等来自新加坡、北京与台北的著名音乐人友情加盟，为《青年晚报》添彩。 唱片的平面资料及《摄影艺术》的音乐录影带拍摄于法国巴黎。十余人团队同许嵩一起从北京出发，海外拍摄共花费长达半个月，由青年摄影家张罗平掌镜，真正实践“摄影艺术”。《雅俗共赏》及《最佳歌手》的音乐录影带由台湾金曲奖最佳导演比尔贾执导，用前卫的影像风格精准呈现歌曲内涵。 2016是许嵩进入公众视野的第十年，十年内成功发行6张词曲全创作专辑以及近40首原创单曲，专注创作从未停歇前行的脚步；屡屡获得国内外各大华语音乐颁奖典礼奖项，每张专辑都拥有突破亿万次的数字音乐下载量，影响力持续发酵；从年少成名到引发争论再到才华终受广泛认可，十年里无论身处什么阶段许嵩始终保持低调姿态，而许嵩的庞大歌迷群体也从当初冲动狂热的少年转变为如今以成熟理性青年为主，可谓是共同成长的青春十年。');

-- ----------------------------
-- Table structure for `album_follow`
-- ----------------------------
DROP TABLE IF EXISTS `album_follow`;
CREATE TABLE `album_follow` (
  `user_id` int NOT NULL,
  `album_id` int NOT NULL,
  PRIMARY KEY (`user_id`,`album_id`),
  KEY `FK_album_album_id` (`album_id`),
  CONSTRAINT `FK_album_album_id` FOREIGN KEY (`album_id`) REFERENCES `album` (`id`) ON DELETE RESTRICT ON UPDATE RESTRICT,
  CONSTRAINT `FK_album_user_id` FOREIGN KEY (`user_id`) REFERENCES `user` (`id`) ON DELETE RESTRICT ON UPDATE RESTRICT
) ENGINE=InnoDB DEFAULT CHARSET=utf8mb4 COLLATE=utf8mb4_0900_ai_ci;

-- ----------------------------
-- Records of album_follow
-- ----------------------------
INSERT INTO `album_follow` VALUES ('10001', '30001');

-- ----------------------------
-- Table structure for `label`
-- ----------------------------
DROP TABLE IF EXISTS `label`;
CREATE TABLE `label` (
  `id` int NOT NULL AUTO_INCREMENT,
  `label_name` varchar(30) NOT NULL,
  PRIMARY KEY (`id`)
) ENGINE=InnoDB AUTO_INCREMENT=70003 DEFAULT CHARSET=utf8mb4 COLLATE=utf8mb4_0900_ai_ci;

-- ----------------------------
-- Records of label
-- ----------------------------
INSERT INTO `label` VALUES ('70001', '国语');
INSERT INTO `label` VALUES ('70002', '流行');

-- ----------------------------
-- Table structure for `mv`
-- ----------------------------
DROP TABLE IF EXISTS `mv`;
CREATE TABLE `mv` (
  `id` int NOT NULL AUTO_INCREMENT,
  `name` varchar(30) NOT NULL,
  `introduction` varchar(1500) CHARACTER SET utf8mb4 COLLATE utf8mb4_0900_ai_ci DEFAULT NULL,
  `time_length` varchar(5) NOT NULL,
  `path` varchar(20) NOT NULL,
  `song_id` int NOT NULL,
  PRIMARY KEY (`id`),
  KEY `FK_MV_song_id` (`song_id`),
  CONSTRAINT `FK_MV_song_id` FOREIGN KEY (`song_id`) REFERENCES `song` (`id`) ON DELETE RESTRICT ON UPDATE RESTRICT
) ENGINE=InnoDB AUTO_INCREMENT=50002 DEFAULT CHARSET=utf8mb4 COLLATE=utf8mb4_0900_ai_ci;

-- ----------------------------
-- Records of mv
-- ----------------------------
INSERT INTO `mv` VALUES ('50001', 'Mojito', '夏季限定特调上架！\r\n\r\n周杰伦Jay Chou\r\n\r\n最新拉丁嘻哈沁脾情歌\r\n\r\nMOJITO\r\n\r\n一起恋上古巴的微醺浪漫\r\n\r\n在古巴的海滩，点一杯大文豪海明威最爱的Mojito\r\n\r\n和周杰伦一起品尝异国恋情般的微醺特调\r\n\r\n阅读整个夏季的浪漫！\r\n\r\n2020已迈进下半年，终于听见周杰伦！\r\n\r\n睽违多时周杰伦再推新单曲，用音乐环游世界的他，这次带领大家来到充满音乐、舞蹈的迷幻之城「古巴」，以古巴最著名的鸡尾酒「Mojito」为名而写的这首情歌，一如古巴这个城市以它独有的建筑风景，写成一封封献给天空的情书，「Mojito」就是献给每一对来自世界各地的恋人，最浪漫的特调。\r\n\r\n「Mojito」是一种传统的古巴鸡尾酒，更是大文豪海明威的最爱，如缪斯女神般存在的Mojito，黄俊郎以此酒为主题，为周杰伦这首充满古巴风情、带着轻快的节奏、随兴摇摆曲风的创作，写出一种遇见爱情时，令人神往的浪漫情调；来到一个第一次到访的异国城市，心头涌上一种「旧城市里的新恋情」的激荡，是每个旅人的心情，彷佛前世就来过一般既视感与命运感，让旧城更添一种神秘向往。\r\n\r\n周杰伦以最信手捻来的迷人旋律、以浓郁摇曳的拉丁曲风搭配慵懒不羁的嘻哈，领着好友群，穿着异国情调清爽的夏衫，开着鲜艳复古的老爷车随性捕捉古巴景致；更在ＭＶ里跳着轻快骚莎（Salsa）的舞步，让人不自觉跟着摇摆，心也跟着一起私奔到连海明威都流连忘返的古巴！', '03:08', 'Mojito.mp4', '60001');

-- ----------------------------
-- Table structure for `mv_follow`
-- ----------------------------
DROP TABLE IF EXISTS `mv_follow`;
CREATE TABLE `mv_follow` (
  `user_id` int NOT NULL,
  `MV_id` int NOT NULL,
  PRIMARY KEY (`user_id`,`MV_id`),
  KEY `FK_MV_MV_id` (`MV_id`),
  CONSTRAINT `FK_MV_MV_id` FOREIGN KEY (`MV_id`) REFERENCES `mv` (`id`) ON DELETE RESTRICT ON UPDATE RESTRICT,
  CONSTRAINT `FK_MV_user_id` FOREIGN KEY (`user_id`) REFERENCES `user` (`id`) ON DELETE RESTRICT ON UPDATE RESTRICT
) ENGINE=InnoDB DEFAULT CHARSET=utf8mb4 COLLATE=utf8mb4_0900_ai_ci;

-- ----------------------------
-- Records of mv_follow
-- ----------------------------
INSERT INTO `mv_follow` VALUES ('10001', '50001');

-- ----------------------------
-- Table structure for `schools`
-- ----------------------------
DROP TABLE IF EXISTS `schools`;
CREATE TABLE `schools` (
  `id` int NOT NULL AUTO_INCREMENT,
  `schools_name` varchar(30) NOT NULL,
  PRIMARY KEY (`id`)
) ENGINE=InnoDB AUTO_INCREMENT=40005 DEFAULT CHARSET=utf8mb4 COLLATE=utf8mb4_0900_ai_ci;

-- ----------------------------
-- Records of schools
-- ----------------------------
INSERT INTO `schools` VALUES ('40001', 'POP流行');
INSERT INTO `schools` VALUES ('40002', 'Rap');
INSERT INTO `schools` VALUES ('40003', 'Hip HOP');
INSERT INTO `schools` VALUES ('40004', 'R&B');

-- ----------------------------
-- Table structure for `singer`
-- ----------------------------
DROP TABLE IF EXISTS `singer`;
CREATE TABLE `singer` (
  `id` int NOT NULL AUTO_INCREMENT,
  `account` char(20) NOT NULL,
  `password` char(20) NOT NULL,
  `name` varchar(20) NOT NULL,
  `head` varchar(20) DEFAULT NULL,
  `introduction` varchar(1500) CHARACTER SET utf8mb4 COLLATE utf8mb4_0900_ai_ci DEFAULT NULL,
  PRIMARY KEY (`id`)
) ENGINE=InnoDB AUTO_INCREMENT=20005 DEFAULT CHARSET=utf8mb4 COLLATE=utf8mb4_0900_ai_ci;

-- ----------------------------
-- Records of singer
-- ----------------------------
INSERT INTO `singer` VALUES ('20001', 'zhoujielun', '123456', '周杰伦', 'zhoujielun_head.jpg', '周杰伦（Jay Chou），1979年1月18日出生于台湾省新北市，华语流行男歌手、演员、词曲创作人、MV及电影导演、编剧及制作人。2000年被吴宗宪发掘，发行首张个人专辑《Jay》。 2001年发行专辑《范特西》。2002年在中国、新加坡、马来西亚、美国等地举办首场个人世界巡回演唱会。 2003年登上美国《时代周刊》亚洲版封面人物。 周杰伦的音乐融合中西方元素，风格多变，四次获得世界音乐大奖最畅销亚洲艺人。凭借专辑《Jay》、《范特西》、《叶惠美》及《跨时代》四次获得金曲奖\"最佳国语专辑\"奖，并凭借《魔杰座》、《跨时代》获得第20届和第22届金曲奖“最佳国语男歌手”奖； 2005年开始涉足影视，以电影《头文字D》获第42届台湾电影金马奖及第25届香港电影金像奖“最佳新人”奖。 2006年起连续三年获得世界音乐大奖中国区最畅销艺人奖。 2007年自立门户，成立JVR（杰威尔）有限公司，自编自导自演的电影《不能说的秘密》获得第44届台湾电影金马奖“年度台湾杰出电影”奖。 2008年凭借歌曲《青花瓷》获得第19届金曲奖最佳作曲人奖。 2009年入选美国CNN亚洲极具影响力人物；同年凭借专辑《魔杰座》获得第20届金曲奖最佳国语男歌手奖。 2010年入选美国《Fast Company》评出的“全球百大创意人物”。 2011年凭借专辑《跨时代》再度获得金曲奖最佳国语男歌手奖，并且第4次获得金曲奖最佳国语专辑奖；同年主演好莱坞电影《青蜂侠》。 2012年登福布斯中国名人榜榜首。 2013年自编自导自演第二部电影《天台爱情》取得了不俗的票房与口碑。 2014年加盟好莱坞电影《惊天魔盗团2》；同年发行华语乐坛首张数字音乐专辑《哎呦，不错哦》。 娱乐圈外，周杰伦在2011年跨界担任华硕（ASUS）笔电外观设计师并入股香港文化传信集团。2012在中国内地开设真爱范特西连锁KTV。 除了力拼自己的事业，周杰伦还热心公益慈善活动，多次向内地灾区捐款并与众多艺人募款新建希望小学。 2014年获QQ音乐年度盛典“港台最受欢迎男歌手”及压轴大奖“最佳全能艺人”。 2015年担任《中国好声音 第四季》导师。 2016年发行演唱会专辑《周杰伦魔天伦世界巡回演唱会》；同年推出专辑《周杰伦的床边故事》。 2017年，确认加盟原创专业音乐节目《中国新歌声第二季》。 2019年起举行“嘉年华”世界巡回演唱会。');
INSERT INTO `singer` VALUES ('20002', 'chenyixun', '123456', '陈奕迅', 'chenyixun_head.jpg', '外文名：Eason Chan\r\n\r\n别名：阿臣、医生、E神、E臣、陈小胖、所长\r\n\r\n国籍：中国\r\n\r\n出生地：香港\r\n\r\n出生日期：1974年7月27日\r\n\r\n职业：歌手、演员\r\n\r\n代表作品：《爱情转移》、《十年》、《浮夸》、《k歌之王》\r\n\r\n主要成就：香港十大劲歌金曲最受欢迎男歌手，香港十大中文金曲全国最佳男歌手，全球华语歌曲排行榜最佳男歌手\r\n\r\n简介：陈奕迅（Eason Chan），1974年7月27日出生于香港，中国香港男歌手、演员，毕业于英国金斯顿大学。\r\n\r\n1995年因获得第14届新秀歌唱大赛冠军而正式出道。1996年发行个人首张专辑《陈奕迅》。1997年主演个人首部电影《旺角大家姐》。1998年凭借歌曲《天下无双》在乐坛获得关注。2000年发行的歌曲《K歌之王》奠定其在歌坛的地位。2001年发行流行摇滚风格的专辑《反正是我》。2003年发行个人首张概念专辑《黑·白·灰》；专辑中的歌曲《十年》获得第4届百事音乐风云榜十大金曲奖。2005年发行的歌曲《浮夸》成为其歌唱生涯的代表作品之一。2006年起，连续9年获得叱咤乐坛流行榜颁奖典礼叱咤乐坛我最喜爱的男歌手奖。2008年1月，获得十大劲歌金曲最受欢迎男歌星奖”。2010年凭借剧情片《金钱帝国》获得星光大典港台年度电影男演员奖 。2012年发行舞曲风格的粤语专辑《…3mm》。2015年凭借专辑《米·闪》获得第26届台湾金曲奖最佳国语男歌手奖。2016年举行“Another Eason\'s LIFE世界巡回演唱会”。同年10月，发行单曲《I Do》。11月，演唱电影《摆渡人》爱情版主题曲《让我留在你身边》。\r\n\r\n2017年5月18日，陈奕迅发行国语EP《放&披风》，包含两首全新国语双单曲《放》和《披风》。同年，确认加盟原创专业音乐节目《中国新歌声第二季》。10月9日，发行国语专辑《C\'mon in~》。2018年发行专辑《L.O.V.E.》。2020年7月11日在香港举办《Live is so much better with Music Eason Chan Charity Concert》慈善音乐会。\r\n\r\n从艺历程：新秀比赛\r\n\r\n陈奕迅于1995年 暑假期间回香港参加TVB举办的第14届新秀歌唱大赛，在多个环节均获得高评分，成为该届冠军，随即跟华星唱片公司签下歌星合约，正式踏入香港乐坛。\r\n\r\n华星时期\r\n\r\n于1996年 推出首张个人同名大碟《陈奕迅》，其后《与我常在》和《我的快乐时代》推出后，渐受大众认识及注视。《我的快乐时代》获得首个叱吒乐坛流行榜颁奖典礼的“叱吒乐坛至尊唱片大奖”。\r\n\r\n1999年 《幸福》、《天佑爱人》和《新生活》 等专辑相继热卖，其中歌曲如《幸福摩天轮》和《每一个明天》等流行一时。同年与梅艳芳合唱《同声一哭》。并在10月7日至10日 于香港体育馆举行一连四场的“Big Live陈奕迅大个唱99”演唱会。\r\n\r\n英皇时期');
INSERT INTO `singer` VALUES ('20003', 'xuezhiqian', '123456', '薛之谦', 'xuezhiqian_head.jpg', '外文名：Joker\r\n\r\n别名：谦谦、二谦\r\n\r\n国籍：中国\r\n\r\n出生地：上海\r\n\r\n出生日期：1983年7月17日\r\n\r\n职业：歌手、演员、主持人\r\n\r\n代表作品：《认真的雪》、《演员》、《丑八怪》、《绅士》\r\n\r\n主要成就：2008雪碧中国原创音乐流行榜最具潜质歌手大奖、2009MusicRadio中国TOP排行榜年度最佳舞台演绎奖、第二十届华语榜中榜最受欢迎唱作歌手 、2016Music Radio年度最佳男歌手 、2016酷音乐亚洲盛典年度最受欢迎创作人\r\n\r\n粉丝：谦友\r\n\r\n简介：薛之谦，1983年7月17日出生于上海市，中国内地男歌手。\r\n\r\n2006年6月9日，薛之谦发行首张个人原创同名专辑《薛之谦》；2007年在中国原创音乐流行榜上凭借《认真的雪》获得内地金曲奖；2008年11月26日发行第三张个人原创专辑《深深爱过你》；12月20日举行首场演唱会“谦年传说”；2012年7月17日发行专辑《几个薛之谦》。2013年11月发行专辑《意外》。\r\n\r\n2015年4月1日，薛之谦主演《男人帮·朋友》预告片发布；6月10日正式签约海蝶音乐公司，升为制作人并发行原创EP《绅士》；同年，他还主演都市励志剧《妈妈像花儿一样》。2016年，凭借EP《绅士》、《一半》获得第16届全球华语歌曲排行榜最受欢迎男歌手、五大最受欢迎男歌手奖、上海地区杰出歌手奖及最受欢迎创作歌手奖，而歌曲《初学者》则获得年度二十大金曲奖。2017年4月，开启“我好像在哪见过你”全国巡回演唱会；同年，薛之谦获得第7届全球流行音乐年度盛典年度最佳男歌手及MusicRadio榜中国TOP排行榜内地最佳男歌手。2018年7月，薛之谦“摩天大楼”世界巡回演唱会于北京站启程，整个巡演横跨4大洲，8个国家，21个城市，累计上演场次23场。\r\n\r\n从艺历程：2005年，薛之谦因参加选秀节目《我型我秀》获得四强而正式出道；同年9月，签约上腾娱乐 。\r\n\r\n2006年6月12日，薛之谦发行首张个人原创同名专辑《薛之谦》，他个人包揽了六首曲和五首词的创作，最后的一曲《认真的雪》记录了他第一次深刻的感情经历。\r\n\r\n2007年7月31日，发行第二张个人原创专辑《你过得好吗》。\r\n\r\n2008年3月29日，在上海大舞台举行的第十五届东方风云榜颁奖盛典献唱《你过得好吗》；7月，推出个人单曲《传说》；11月26日，发行第三张个人原创专辑《深深爱过你》。12月20日，举行首场演唱会“谦年传说”。\r\n\r\n2009年9月21日，推出单曲《未完成的歌》，这是薛之谦逾一年的创作，迟迟没有发表是因为一直没有很好的词来配合这首曲，所以他一直等到能让他觉得感动的歌词。');
INSERT INTO `singer` VALUES ('20004', 'xusong', '123456', '许嵩', 'xusong_head.jpg', '外文名：Vae\r\n\r\n别名：嵩哥\r\n\r\n国籍：中国\r\n\r\n出生地：安徽合肥\r\n\r\n生日：1986年5月14日\r\n\r\n职业：歌手、词曲创作人、音乐制作人\r\n\r\n代表作：《自定义》、《寻雾启示》、《苏格拉没有底》、《梦游计》\r\n\r\n主要成就：2018华人歌曲音乐盛典年度最佳创作男歌手 2018嗨典年度最佳男歌手 第14届中国华鼎奖华语年度最受欢迎原创歌手 第19、20届东方风云榜最佳唱作人 第17届全球华语榜中榜传媒推荐歌手 第7届中国移动无线音乐咪咕汇最佳人气男歌手 2012亚洲时尚盛典年度时尚原创音乐人 2011/2012中国歌曲排行榜年度金曲奖 第15届音乐风云榜年度媒体关注艺人 第6届腾讯星光大典内地年度男歌手 第19、20届东方风云榜十大金曲奖 第23届东方风云榜最佳作曲奖\r\n\r\n简介：许嵩（Vae），1986年5月14日生于安徽省合肥市，中国内地创作型男歌手，毕业于安徽医科大学。\r\n\r\n2009年1月，许嵩发行首张词曲全创作专辑《自定义》；2010年1月，发行第二张词曲全创作专辑《寻雾启示》；2011年4月，发行第三张词曲全创作专辑《苏格拉没有底》；2012年7月，发行第四张词曲全创作专辑《梦游计》；2014年8月，发行第五张词曲全创作专辑《不如吃茶去》；2016年6月，发行第六张词曲全创作专辑《青年晚报》；2018年7月，发行第七张词曲全创作专辑《寻宝游戏》。\r\n\r\n2006年起许嵩开始发表音乐作品，从而正式出道 。至2020年已成功发行七张个人原创专辑以及近四十首原创单曲，所有歌曲由许嵩创作词曲及音乐制作。截至2020年，许嵩已获得中歌榜、中国华鼎奖、东方风云榜、音乐风云榜等权威音乐榜单颁发的“最佳创作歌手奖”、“最佳唱作人奖”等个人奖项共19次；应邀为游戏、影视剧等创作主题曲包括《雨幕》（新天龙八部端游主题曲）、《千古》（电视剧《花千骨》片头曲）等歌曲共15首；五登央视舞台，七上卫视晚会献唱。\r\n\r\n从艺历程：2006年12月 受联想集团邀请，参加联想“粉时尚”手机发布会，并创作“粉时尚”手机主题音乐《粉色信笺》。\r\n\r\n2007年5月 加入安徽省音乐家协会。\r\n\r\n2008年5月 荣获安徽省十佳青年学生称号，同年7月为搜狐公司的网游《剑仙》制作并演唱主题曲《南山忆》。\r\n\r\n2009年1月10日 出版发行首张个人专辑《自定义》，独立包办词、曲、编曲、唱、录音、制作等一切音乐工作。');

-- ----------------------------
-- Table structure for `singer_follow`
-- ----------------------------
DROP TABLE IF EXISTS `singer_follow`;
CREATE TABLE `singer_follow` (
  `user_id` int NOT NULL,
  `singer_id` int NOT NULL,
  PRIMARY KEY (`user_id`,`singer_id`),
  KEY `FK_singer_singer_id` (`singer_id`),
  CONSTRAINT `FK_singer_singer_id` FOREIGN KEY (`singer_id`) REFERENCES `singer` (`id`) ON DELETE RESTRICT ON UPDATE RESTRICT,
  CONSTRAINT `FK_singer_user_id` FOREIGN KEY (`user_id`) REFERENCES `user` (`id`) ON DELETE RESTRICT ON UPDATE RESTRICT
) ENGINE=InnoDB DEFAULT CHARSET=utf8mb4 COLLATE=utf8mb4_0900_ai_ci;

-- ----------------------------
-- Records of singer_follow
-- ----------------------------
INSERT INTO `singer_follow` VALUES ('10001', '20001');

-- ----------------------------
-- Table structure for `song`
-- ----------------------------
DROP TABLE IF EXISTS `song`;
CREATE TABLE `song` (
  `id` int NOT NULL AUTO_INCREMENT,
  `name` varchar(30) NOT NULL,
  `time_length` varchar(5) NOT NULL,
  `lyricism` varchar(20) NOT NULL,
  `composer` varchar(20) NOT NULL,
  `arranger` varchar(20) NOT NULL,
  `introduction` varchar(1500) CHARACTER SET utf8mb4 COLLATE utf8mb4_0900_ai_ci DEFAULT NULL,
  `publish_time` date DEFAULT NULL,
  `lyrics` varchar(2500) CHARACTER SET utf8mb4 COLLATE utf8mb4_0900_ai_ci NOT NULL,
  `path` varchar(30) NOT NULL,
  `singer_id` int DEFAULT NULL,
  `album_id` int DEFAULT NULL,
  `schools_id` int DEFAULT NULL,
  PRIMARY KEY (`id`),
  KEY `FK_song_singer_id` (`singer_id`),
  KEY `FK_song_album_id` (`album_id`),
  KEY `FK_song_schools_id` (`schools_id`),
  CONSTRAINT `FK_song_album_id` FOREIGN KEY (`album_id`) REFERENCES `album` (`id`) ON DELETE RESTRICT ON UPDATE RESTRICT,
  CONSTRAINT `FK_song_schools_id` FOREIGN KEY (`schools_id`) REFERENCES `schools` (`id`) ON DELETE RESTRICT ON UPDATE RESTRICT,
  CONSTRAINT `FK_song_singer_id` FOREIGN KEY (`singer_id`) REFERENCES `singer` (`id`) ON DELETE RESTRICT ON UPDATE RESTRICT
) ENGINE=InnoDB AUTO_INCREMENT=600013 DEFAULT CHARSET=utf8mb4 COLLATE=utf8mb4_0900_ai_ci;

-- ----------------------------
-- Records of song
-- ----------------------------
INSERT INTO `song` VALUES ('60001', 'Mojito', '03:05', '黄俊郎', '周杰伦', '黄雨勋', '夏季限定特调上架！\r\n\r\n周杰伦Jay Chou\r\n\r\n最新拉丁嘻哈沁脾情歌\r\n\r\nMOJITO\r\n\r\n一起恋上古巴的微醺浪漫\r\n\r\n在古巴的海滩，点一杯大文豪海明威最爱的Mojito\r\n\r\n和周杰伦一起品尝异国恋情般的微醺特调\r\n\r\n阅读整个夏季的浪漫！\r\n\r\n2020已迈进下半年，终于听见周杰伦！\r\n\r\n睽违多时周杰伦再推新单曲，用音乐环游世界的他，这次带领大家来到充满音乐、舞蹈的迷幻之城「古巴」，以古巴最著名的鸡尾酒「Mojito」为名而写的这首情歌，一如古巴这个城市以它独有的建筑风景，写成一封封献给天空的情书，「Mojito」就是献给每一对来自世界各地的恋人，最浪漫的特调。\r\n\r\n「Mojito」是一种传统的古巴鸡尾酒，更是大文豪海明威的最爱，如缪斯女神般存在的Mojito，黄俊郎以此酒为主题，为周杰伦这首充满古巴风情、带着轻快的节奏、随兴摇摆曲风的创作，写出一种遇见爱情时，令人神往的浪漫情调；来到一个第一次到访的异国城市，心头涌上一种「旧城市里的新恋情」的激荡，是每个旅人的心情，彷佛前世就来过一般既视感与命运感，让旧城更添一种神秘向往。\r\n\r\n周杰伦以最信手捻来的迷人旋律、以浓郁摇曳的拉丁曲风搭配慵懒不羁的嘻哈，领着好友群，穿着异国情调清爽的夏衫，开着鲜艳复古的老爷车随性捕捉古巴景致；更在ＭＶ里跳着轻快骚莎（Salsa）的舞步，让人不自觉跟着摇摆，心也跟着一起私奔到连海明威都流连忘返的古巴！', '2020-06-12', '<p>Mojito - 周杰伦 (Jay Chou)</p><p>词：黄俊郎</p><p>曲：周杰伦</p><p>编曲：黄雨勋</p><p>（未经许可，不得翻唱或使用）</p><p>麻烦给我的爱人来一杯Mojito</p><p>我喜欢阅读她微醺时的眼眸</p><p>而我的咖啡 糖不用太多</p><p>这世界已经因为她甜得过头</p><p>没有跟她笑容一样浓郁的雪茄</p><p>就别浪费时间介绍收起来吧</p><p>拱廊的壁画 旧城的涂鸦</p><p>所有色彩都因为她说不出话</p><p>这爱不落幕 忘了心事的国度</p><p>你所在之处 孤单都被征服</p><p>铁铸的招牌 错落着就像</p><p>一封封城市 献给天空的情书</p><p>当街灯亮起 Havana漫步</p><p>这是世上最美丽的那双人舞</p><p>缤纷的老爷车 跟着棕榈摇曳</p><p>载着海风私奔漫无目的</p><p>古董书摊漫着时光香气</p><p>我想 上辈子 是不是就遇过你</p><p>喧嚣的海报躺在 慵懒的阁楼阳台</p><p>而你是文学家笔下的那一片海</p><p>麻烦给我的爱人来一杯Mojito</p><p>我喜欢阅读她微醺时的眼眸</p><p>而我的咖啡 糖不用太多</p><p>这世界已经因为她甜得过头</p><p>这爱不落幕 忘了心事的国度</p><p>你所在之处 孤单都被征服</p><p>铁铸的招牌 错落着就像</p><p>一封封城市 献给天空的情书</p><p>当街灯亮起 Havana漫步</p><p>这是世上最美丽的那双人舞</p><p>铁铸的招牌 错落着就像</p><p>一封封城市 献给天空的情书</p><p>当街灯亮起 Havana漫步</p><p>这是世上最美丽的那双人舞</p>', 'Mojito.mp3', '20001', '30001', '40001');
INSERT INTO `song` VALUES ('60002', '可爱女人', '03:59', '徐若瑄', '周杰伦', '周杰伦', '《可爱女人》是周杰伦演唱的一首歌曲，由徐若瑄作词，周杰伦作曲、编曲，收录于周杰伦2000年11月7日发行的专辑《Jay》中。\r\n2001年，周杰伦凭借该曲入围第十二届金曲奖最佳作曲人奖提名', '2000-11-07', '<p>可爱女人 - 周杰伦 (Jay Chou)</p><p>词：徐若瑄</p><p>曲：周杰伦</p><p>编曲：周杰伦</p><p>制作人：周杰伦</p><p>想要有直升机</p><p>想要和你飞到宇宙去</p><p>想要和你融化在一起</p><p>融化在银河里</p><p>我每天每天每天在想想想想着你</p><p>这样的甜蜜让我开始相信命运</p><p>感谢地心引力让我碰到你</p><p>漂亮的让我面红的可爱女人</p><p>温柔的让我心疼的可爱女人</p><p>透明的让我感动的可爱女人</p><p>坏坏的让我疯狂的可爱女人</p><p>漂亮的让我面红的可爱女人</p><p>温柔的让我心疼的可爱女人</p><p>透明的让我感动的可爱女人</p><p>坏坏的让我疯狂的可爱女人</p><p>想要有直升机</p><p>想要和你飞到宇宙去</p><p>想要和你融化在一起</p><p>融化在银河里</p><p>我每天每天每天在想想想想着你</p><p>这样的甜蜜让我开始相信命运</p><p>感谢地心引力让我碰到你</p><p>漂亮的让我面红的可爱女人</p><p>温柔的让我心疼的可爱女人</p><p>透明的让我感动的可爱女人</p><p>坏坏的让我疯狂的可爱女人</p><p>漂亮的让我面红的可爱女人</p><p>温柔的让我心疼的可爱女人</p><p>透明的让我感动的可爱女人</p><p>坏坏的让我疯狂的可爱女人</p><p>世界这样大而我而我</p><p>只是只小小小的蚂蚁</p><p>但我要尽全力全力全力保护你</p><p>漂亮的让我面红的可爱女人</p><p>温柔的让我心疼的可爱女人</p><p>透明的让我感动的可爱女人</p><p>坏坏的让我疯狂的可爱女人</p><p>漂亮的让我面红的可爱女人</p><p>温柔的让我心疼的可爱女人</p><p>透明的让我感动的可爱女人</p><p>坏坏的让我疯狂的可爱女人</p><p>漂亮的让我面红的可爱女人</p><p>温柔的让我心疼的可爱女人</p><p>透明的让我感动的可爱女人</p><p>坏坏的让我疯狂的可爱女人</p><p>漂亮的让我面红的可爱女人</p><p>温柔的让我心疼的可爱女人</p><p>透明的让我感动的</p>', '可爱女人.mp3', '20001', '30002', '40001');
INSERT INTO `song` VALUES ('60003', '完美主义', '04:04', '方文山', '周杰伦', '洪敬尧', '《完美主义》是周杰伦演唱的一首歌曲，由方文山作词，周杰伦作曲，洪敬尧编曲。 这是一首中速节奏（90BPM），以快歌语速形式慢歌快唱的一首R&B小调歌曲。', '2000-11-07', '<p>完美主义 - 周杰伦 (Jay Chou)</p><p>词：方文山</p><p>曲：周杰伦</p><p>编曲：洪敬尧</p><p>制作人：周杰伦</p><p>如果说怀疑 可以造句</p><p>如果说分离 能够翻译</p><p>如果这一切 真的可以</p><p>我想要将我的寂寞封闭</p><p>然后在这里 不限日期</p><p>然后将过去 慢慢温习</p><p>让我爱上你 那场悲剧</p><p>是你完美演出的一场戏</p><p>宁愿心碎哭泣 再狠狠忘记</p><p>你爱过我的证据</p><p>让晶莹的泪滴 闪烁成回忆</p><p>伤人的美丽</p><p>你的完美主义 太彻底</p><p>让我连恨都难以下笔</p><p>将真心抽离写成日记</p><p>像是一场默剧</p><p>你的完美主义 太彻底</p><p>分手的话像语言暴力</p><p>我已无能为力再提起</p><p>决定中断熟悉</p><p>然后在这里 不限日期</p><p>然后将过去 慢慢温习</p><p>让我爱上你 那场悲剧</p><p>是你完美演出的一场戏</p><p>宁愿心碎哭泣 再狠狠忘记</p><p>你爱过我的证据</p><p>让晶莹的泪滴 闪烁成回忆</p><p>伤人的美丽</p><p>你的完美主义 太彻底</p><p>让我连恨都难以下笔</p><p>将真心抽离写成日记</p><p>像是一场默剧</p><p>你的完美主义 太彻底</p><p>分手的话像语言暴力</p><p>我已无能为力再提起</p><p>决定中断熟悉</p><p>He</p><p>周杰伦周杰伦周杰伦</p><p>周杰伦周杰伦周杰伦</p><p>周杰伦周杰伦周杰伦</p><p>周杰伦周杰伦</p><p>周杰伦周杰伦周杰伦</p><p>周杰伦周杰伦周杰伦</p><p>周杰伦周杰伦周杰伦</p><p>周杰伦周杰伦</p><p>周杰伦周杰伦周杰伦</p><p>周杰伦周杰伦</p><p>连恨都难下笔</p><p>周杰伦周杰伦周杰伦</p><p>周杰伦周杰伦周杰伦</p><p>周杰伦周杰伦周杰伦</p><p>周杰伦周杰伦周杰伦</p><p>周杰伦周杰伦周杰伦</p>', '完美主义.mp3', '20001', '30002', '40002');
INSERT INTO `song` VALUES ('60004', '星晴', '04:19', '周杰伦', '周杰伦', '洪敬尧', '《星晴》这首歌的作词、作曲、合声编写、自搭guitar及合声都是由周杰伦亲自完成，歌曲中的合声则录制了21轨之多。前奏的汽车引擎是由PORCH收音。', '2000-11-07', '<p>星晴 - 周杰伦 (Jay Chou)</p><p>词：周杰伦</p><p>曲：周杰伦</p><p>编曲：洪敬尧</p><p>一步两步三步四步望着天手牵手</p><p>一颗两颗三颗四颗连成线看星星</p><p>一步两步三步四步望着天手牵手</p><p>一颗两颗三颗四颗连成线看星</p><p>乘着风游荡在蓝天边</p><p>一片云掉落在我面前</p><p>捏成你的形状</p><p>随风跟着我</p><p>一口一口吃掉忧愁</p><p>载着你仿佛载着阳光</p><p>不管到哪里都是晴天</p><p>蝴蝶自在飞</p><p>花也布满天</p><p>一朵一朵因你而香</p><p>试图让夕阳飞翔</p><p>带领你我环绕大自然</p><p>迎着风</p><p>开始共度每一天</p><p>手牵手</p><p>一步两步三步四步望着天</p><p>看星星一颗两颗三颗四颗连成线</p><p>背对背</p><p>默默许下心愿</p><p>看远方的星</p><p>是否听的见</p><p>手牵手</p><p>一步两步三步四步望着天</p><p>看星星一颗两颗三颗四颗连成线</p><p>背对背</p><p>默默许下心愿</p><p>看远方的星</p><p>如果听的见</p><p>它一定实现</p><p>载着你仿佛载着阳光</p><p>不管到哪里都是晴天</p><p>蝴蝶自在飞</p><p>花也布满天</p><p>一朵一朵因你而香</p><p>试图让夕阳飞翔</p><p>带领你我环绕大自然</p><p>迎着风</p><p>开始共度每一天</p><p>手牵手一步两步三步四步望着天</p><p>看星星一颗两颗三颗四颗连成线</p><p>背对背</p><p>默默许下心愿</p><p>看远方的星</p><p>是否听的见</p><p>手牵手一步两步三步四步望着天</p><p>看星星一颗两颗三颗四颗连成线</p><p>背对背</p><p>默默许下心愿</p><p>看远方的星</p><p>如果听的见</p><p>它一定实现</p>', '星晴.mp3', '20001', '30002', '40001');
INSERT INTO `song` VALUES ('60005', '娘子', '04:31', '方文山', '周杰伦', '周杰伦', '《娘子》是周杰伦演唱的一首歌曲，由周杰伦作曲，方文山填词，收录在周杰伦发行的专辑《JAY》中。《娘子》的特色在于仿古文作词，一首充满中国味道的词，搭配着西方R&amp;B的曲，给人古代现代时空交错的感觉，其中高难度的配唱，二拍竟唱了11个字。周杰伦在过场的吉他用了琵琶的轮指奏法，非常具有中国音乐特色，造就出一番别具特色的东方R&amp;B音乐。', '2000-11-07', '<p>娘子 - 周杰伦 (Jay Chou)</p><p>词：方文山</p><p>曲：周杰伦</p><p>编曲：周杰伦</p><p>制作人：周杰伦</p><p>娘子娘子却依旧每日</p><p>折一枝杨柳你在那里</p><p>在小村外的溪边河口默默等着我</p><p>娘子依旧每日折一枝杨柳</p><p>你在那里在小村外的溪边</p><p>默默等着 娘子</p><p>一壶好酒 再来一碗热粥</p><p>配上几斤的牛肉</p><p>我说店小二 三两银够不够</p><p>景色入秋 漫天黄沙掠过</p><p>塞北的客栈人多</p><p>牧草有没有我马儿有些瘦</p><p>世事看透 江湖上潮起潮落</p><p>什么恩怨过错</p><p>在多年以后 还是让人难过</p><p>心伤透</p><p>娘子她人在江南等我</p><p>泪不休 语沉默</p><p>娘子却依旧每日折一枝杨柳</p><p>在小村外的溪边河口</p><p>默默的在等着我</p><p>家乡的爹娘早已苍老了轮廓</p><p>娘子我欠你太多</p><p>一壶好酒 再来一碗热粥</p><p>配上几斤的牛肉</p><p>我说店小二 三两银够不够</p><p>景色入秋 漫天黄沙掠过</p><p>塞北的客栈人多</p><p>牧草有没有我马儿有些瘦</p><p>天涯尽头满脸风霜</p><p>落寞近乡情怯的我</p><p>相思寄红豆</p><p>相思寄红豆</p><p>无能为力的在人海中漂泊</p><p>心伤透</p><p>娘子她人在江南等我</p><p>泪不休 语沉默</p><p>一壶好酒 再来一碗热粥</p><p>配上几斤的牛肉</p><p>我说店小二 三两银够不够</p><p>景色入秋 漫天黄沙掠过</p><p>塞北的客栈人多</p><p>牧草有没有 我马儿有些瘦</p><p>世事看透江湖上</p><p>潮起潮落什么恩怨过错</p><p>在多年以后 还是让人难过</p><p>心伤透</p><p>娘子她人在江南等我</p><p>泪不休 语沉默</p><p>娘子却依旧每日折一枝杨柳</p><p>在小村外的溪边河口</p><p>默默的在等着我</p><p>家乡的爹娘早已苍老了轮廓</p><p>娘子我欠你太多</p><p>一壶好酒 再来一碗热粥</p><p>配上几斤的牛肉</p><p>我说店小二 三两银够不够</p><p>景色入秋 漫天黄沙掠过</p><p>塞北的客栈人多</p><p>牧草有没有 我马儿有些瘦</p><p>天涯尽头 满脸风霜</p><p>落寞 近乡情怯的我</p><p>相思寄红豆</p><p>相思寄红豆</p><p>无能为力的在人海中漂泊</p><p>心伤透</p><p>娘子她人在江南等我</p><p>泪不休 语沉默</p><p>娘子 娘子却依旧每日</p><p>折一枝杨柳你在那里</p><p>在小村外的溪边河口默默等着我</p><p>娘子依旧每日折一枝杨柳</p><p>你在那里 在小村外的溪边</p><p>默默等着 娘子</p><p>娘子却依旧每日</p><p>折一枝杨柳你在那里</p><p>在小村外的溪边河口默默等着我</p><p>娘子依旧每日折一枝杨柳</p><p>你在那里 在小村外的溪边</p><p>默默等着 娘子</p>', '娘子.mp3', '20001', '30002', '40003');
INSERT INTO `song` VALUES ('60006', '斗牛', '04:38', '方文山', '周杰伦', '洪敬尧', '《斗牛》是 周杰伦 演唱的一首歌曲，由 方文山 作词，周杰伦作曲， 洪敬尧 编曲，收录于周杰伦2000年11月7日发行的专辑《 Jay 》中 。', '2000-11-07', '<p>斗牛 - 周杰伦 (Jay Chou)</p><p>词：方文山</p><p>曲：周杰伦</p><p>编曲：洪敬尧</p><p>制作人：周杰伦</p><p>有什么不妥</p><p>有话就直说</p><p>别窝在角落</p><p>不爽就反驳</p><p>到底跩什么</p><p>懂不懂篮球</p><p>有种不要走</p><p>三对三斗牛</p><p>有什么不妥</p><p>有话就直说</p><p>别窝在角落</p><p>不爽就反驳</p><p>到底跩什么</p><p>懂不懂篮球</p><p>有种不要走</p><p>三对三斗牛</p><p>三分球它在空中停留</p><p>所有人看着我</p><p>抛物线进球</p><p>单手过人运球</p><p>篮下妙传出手</p><p>漂亮的假动作</p><p>帅呆了我</p><p>全场盯人防守</p><p>篮下禁区游走</p><p>快攻抢篮板球</p><p>得分都靠我</p><p>你拿了球不投</p><p>又不会掩护我</p><p>选你这种队友</p><p>瞎透了我</p><p>说你说分数怎么停留</p><p>一直在停留谁让它停留的</p><p>为什么我女朋友场外加油</p><p>你却还让我出糗</p><p>你说啊你怎么抄我球</p><p>你说啊你怎么打我手</p><p>你说是不是你不想活</p><p>说你怎么面对我</p><p>甩开球我满腔的怒火</p><p>我想揍你已经很久别想走</p><p>说你眼睛看着我</p><p>别发抖你给我抬起头</p><p>有话去对医药箱说</p><p>别怪我</p><p>说你怎么面对我</p><p>甩开球我满腔的怒火</p><p>我想揍你已经很久别想走</p><p>说你眼睛看着我</p><p>别发抖你给我抬起头</p><p>有话去对医药箱说别怪我</p><p>三分球它在空中停留</p><p>所有人看着我</p><p>抛物线进球</p><p>单手过人运球</p><p>篮下妙传出手</p><p>漂亮的假动作</p><p>帅呆了我</p><p>全场盯人防守</p><p>篮下禁区游走</p><p>快攻抢篮板球</p><p>得分都靠我</p><p>你拿了球不投</p><p>又不会掩护我</p><p>选你这种队友</p><p>瞎透了我</p><p>说你说分数怎么停留</p><p>一直在停留谁让它停留的</p><p>为什么我女朋友场外加油</p><p>你却还让我出糗</p><p>你说啊你怎么抄我球</p><p>你说啊你怎么打我手</p><p>你说是不是你不想活</p><p>说你怎么面对我</p><p>甩开球我满腔的怒火</p><p>我想揍你已经很久别想走</p><p>说你眼睛看着我</p><p>别发抖你给我抬起头</p><p>有话去对医药箱说别怪我</p><p>说你怎么面对我</p><p>甩开球我满腔的怒火</p><p>我想揍你已经很久别想走</p><p>说你眼睛看着我</p><p>别发抖你给我抬起头</p><p>有话去对医药箱说别怪我</p><p>说你怎么面对我</p><p>甩开球我满腔的怒火</p><p>我想揍你已经很久别想走</p><p>说你眼睛看着我</p><p>别发抖你给我抬起头</p><p>有话去对医药箱说别怪我</p>', '斗牛.mp3', '20001', '30002', '40002');
INSERT INTO `song` VALUES ('60007', '黑色幽默', '04:43', '周杰伦', '周杰伦', '钟兴民', '《黑色幽默》是一首悲伤情歌，唱到的最高音已到HighC，深刻的描述着杰伦内心感情世界的一环，剖白的记忆着女友离去时，那一刻的心情，全新大陆十二人弦乐团加上传统旧式Band的表现，呈现出一种英式的复古风格。', '2000-11-07', '<p>黑色幽默 - 周杰伦 (Jay Chou)</p><p>词：周杰伦</p><p>曲：周杰伦</p><p>编曲：钟兴民</p><p>难过是因为闷了很久</p><p>是因为想了太多</p><p>是心理起了作用</p><p>你说苦笑常常陪着你</p><p>在一起有点勉强</p><p>该不该现在休了我</p><p>不想太多</p><p>我想一定是我</p><p>听错弄错搞错</p><p>拜托我想是你的</p><p>脑袋有问题</p><p>随便说说</p><p>其实我早已经猜透</p><p>看透不想多说</p><p>只是我怕眼泪撑不住</p><p>不懂你的黑色幽默</p><p>想通却又再考倒我</p><p>说散你想很久了吧</p><p>我不想拆穿你</p><p>当作是你开的玩笑</p><p>想通却又再考倒我</p><p>说散你想很久了吧</p><p>败给你的黑色幽默</p><p>不想太多</p><p>我想一定是我</p><p>听错弄错搞错</p><p>拜托我想是你的</p><p>脑袋有问题</p><p>随便说</p><p>已经猜透看透</p><p>不想多说</p><p>怕眼泪撑不住</p><p>不懂你的黑色幽默</p><p>想通却又再考倒我</p><p>说散你想很久了吧</p><p>我不想拆穿你</p><p>当作是你开的玩笑</p><p>想通却又再考倒我</p><p>说散你想很久了吧</p><p>败给你的黑色幽默</p><p>说散你想很久了吧</p><p>我的认真败给黑色幽默</p>', '黑色幽默.mp3', '20001', '30002', '40001');
INSERT INTO `song` VALUES ('60008', '伊斯坦堡', '03:29', '徐若瑄', '周杰伦', '洪敬尧', '《伊斯坦堡》更是徐若瑄，在亲临土耳其伊斯坦堡时，所填的词，两人在音乐上的合作，早已有了一些共识，此次，两人密切合作的作品，相信在听觉上、视觉上，杰伦同名专辑必能带给许多音乐爱好者，一种前所未有的新享受及新感受。', '2000-11-07', '<p>伊斯坦堡 - 周杰伦 (Jay Chou)</p><p>词：徐若瑄</p><p>曲：周杰伦</p><p>编曲：洪敬尧</p><p>制作人：周杰伦</p><p>走过了很多地方</p><p>我来到伊斯坦堡</p><p>就像是童话故事</p><p>有教堂有城堡</p><p>每天忙碌地寻找</p><p>到底什么我想要</p><p>却发现迷了路怎么找也找不着</p><p>心血来潮起个大早</p><p>怎么我也睡不着</p><p>昨晚梦里你来找 我才</p><p>原来我只想要你</p><p>陪我去吃汉堡</p><p>说穿了其实我的愿望就这么小</p><p>就这么每天祈祷我的心跳你知道</p><p>杵在伊斯坦堡 却只想你和汉堡</p><p>我想要你的微笑每天都能看到</p><p>我知道这里很美但家乡的你更美</p><p>走过了很多地方</p><p>我来到伊斯坦堡</p><p>就像是童话故事</p><p>有教堂有城堡</p><p>每天忙碌地寻找</p><p>到底什么我想要</p><p>却发现迷了路怎么找也找不着</p><p>心血来潮起个大早</p><p>怎么我也睡不着</p><p>昨晚梦里你来找 我才</p><p>原来我只想要你</p><p>陪我去吃汉堡</p><p>说穿了其实我的愿望就这么小</p><p>就这么每天祈祷我的心跳你知道</p><p>杵在伊斯坦堡 却只想你和汉堡</p><p>我想要你的微笑每天都能看到</p><p>我知道这里很美但家乡的你更美</p><p>原来我只想要你</p><p>陪我去吃汉堡</p><p>说穿了其实我的愿望就这么小</p><p>就这么每天祈祷我的心跳你知道</p><p>杵在伊斯坦堡 却只想你和汉堡</p><p>我想要你的微笑每天都能看到</p><p>我知道这里很美但家乡的你更美</p>', '伊斯坦堡.mp3', '20001', '30002', '40004');
INSERT INTO `song` VALUES ('60009', '印第安老斑鸠', '05:04', '方文山', '周杰伦', '洪敬尧', '《印第安老斑鸠》曲风同时以R&amp;B及New Hip-Hop为主，加上古典巴洛克式弦乐伴奏及Band的加入，形成一种英国式的复古风格。有种无限延及及百分百的想像空间，可以幻想着，浩瀚沙漠的老斑鸠，也可以是都市中相互竞争的人们。', '2000-11-07', '<p>印第安老斑鸠 - 周杰伦 (Jay Chou)</p><p>词：方文山</p><p>曲：周杰伦</p><p>编曲：洪敬尧</p><p>沙漠之中怎么会有泥鳅</p><p>话说完飞过一只海鸥</p><p>大峡谷的风呼啸而过</p><p>是谁说没有</p><p>有一条热昏头的响尾蛇</p><p>无力的躺在干枯的河</p><p>在等待雨季来临变沼泽</p><p>灰狼啃食着水鹿的骨头</p><p>秃鹰盘旋死盯着腐肉</p><p>草原上两只敌对野牛</p><p>在远方决斗</p><p>在一处被废弃的白蚁丘</p><p>站着一只饿昏的老斑鸠</p><p>印第安老斑鸠腿短毛不多</p><p>几天都没有喝水也能活</p><p>脑袋瓜有一点秀逗</p><p>猎物死了它比谁都难过</p><p>印第安斑鸠 会学人开口</p><p>仙人掌怕羞 蜥蝪横着走</p><p>这里什么奇怪的事都有</p><p>包括像猫的狗</p><p>印第安老斑鸠平常话不多</p><p>除非是乌鸦抢了它的窝</p><p>它在灌木丛旁邂逅</p><p>一只令它心仪的母斑鸠</p><p>牛仔红蕃在小镇背对背决斗</p><p>一只灰狼问候我谁是神枪手</p><p>巫师他念念有词地</p><p>对酋长下诅咒</p><p>还我骷髅头 这故事</p><p>告诉我印第安的传说</p><p>还真是瞎透了什么都有</p><p>沙漠之中怎么会有泥鳅</p><p>话说完飞过一只海鸥</p><p>大峡谷的风呼啸而过</p><p>是谁说没有</p><p>有一条热昏头的响尾蛇</p><p>无力的躺在干枯的河</p><p>在等待雨季来临变沼泽</p><p>灰狼啃食着水鹿的骨头</p><p>秃鹰盘旋死盯着腐肉</p><p>草原上两只敌对野牛</p><p>在远方决斗</p><p>在一处被废弃的白蚁丘</p><p>站着一只饿昏的老斑鸠</p><p>印第安老斑鸠腿短毛不多</p><p>几天都没有喝水也能活</p><p>脑袋瓜有一点秀逗</p><p>猎物死了它比谁都难过</p><p>印第安斑鸠 我休息一下</p><p>仙人掌怕羞 蜥蝪横着走</p><p>这里什么奇怪的事都有</p><p>包括像猫的狗</p><p>印第安老斑鸠平常话不多</p><p>除非是乌鸦抢了它的窝</p><p>它在灌木丛旁邂逅</p><p>一只令它心仪的母斑鸠</p><p>印第安老斑鸠腿短毛不多</p><p>几天都没有喝水也能活</p><p>脑袋瓜</p><p>猎物死了它比谁都难过</p><p>印第安斑鸠 会学人开口</p><p>仙人掌怕羞 蜥蝪横着走</p><p>这里什么奇怪的事都有</p><p>包括像猫的狗</p><p>印第安老斑鸠平常话不多</p><p>除非是乌鸦抢了它的窝</p><p>它在灌木丛旁邂逅</p><p>一只令它心仪的母斑鸠</p>', '印第安老斑鸠.mp3', '20001', '30002', '40003');
INSERT INTO `song` VALUES ('60010', '龙卷风', '04:10', '徐若瑄', '周杰伦', '钟兴民', '《龙卷风》讲的不是一个激烈的爱情故事，而是表现一个人在感情要结束的时候被彻底点燃激情，是一首激情十足的歌曲。歌曲前奏，用厚重的钢琴弹出又慢又重的节奏感，显然不是面对龙卷风该有的节奏。好像一个内向男，面对爱情有些迟钝，至少表现得有些迟钝。对手的爱太快太凌厉，消化起来的确有点困难。就像面对龙卷风时还要故作冷静一样，这样刻意的淡定和冷静，会在龙卷风似的爱情面前把自己憋出内伤。副歌部分，弦乐团的加入让整首歌有了很浓烈的电影音乐质感，情感堆积越来越浓，弦乐来烘托气氛效果最佳，提速的钢琴最适合表现歇斯底里。这首歌第一段就像爱情小调，第二段像爱情交响乐，递进渐强的方式释放着一种失恋之后无可奈何的情绪。', '2000-11-07', '<p>龙卷风 - 周杰伦 (Jay Chou)</p><p>词：徐若瑄</p><p>曲：周杰伦</p><p>编曲：钟兴民</p><p>制作人：周杰伦</p><p>爱像一阵风吹完它就走</p><p>这样的节奏谁都无可奈何</p><p>没有你以后我灵魂失控</p><p>黑云在降落我被它拖着走</p><p>静静悄悄默默离开</p><p>陷入了危险边缘Baby</p><p>我的世界已狂风暴雨wu</p><p>爱情来的太快就像龙卷风</p><p>离不开暴风圈来不及逃</p><p>我不能再想我不能再想</p><p>我不我不我不能</p><p>爱情走的太快就像龙卷风</p><p>不能承受我已无处可躲</p><p>我不要再想我不要再想</p><p>我不我不我不要再想你</p><p>不知不觉你已经离开我</p><p>不知不觉我跟了这节奏</p><p>后知后觉又过了一个秋</p><p>后知后觉我该好好生活</p><p>静静悄悄默默离开</p><p>陷入了危险边缘Baby</p><p>我的世界已狂风暴雨wu</p><p>爱情来的太快就像龙卷风</p><p>离不开暴风圈来不及逃</p><p>我不能再想我不能再想</p><p>我不我不我不能</p><p>爱情走的太快就像龙卷风</p><p>不能承受我已无处可躲</p><p>我不要再想我不要再想</p><p>我不我不我不要再想你</p><p>爱情来的太快就像龙卷风</p><p>离不开暴风圈来不及逃</p><p>我不能再想我不能再想</p><p>我不我不我不能</p><p>爱情走的太快就像龙卷风</p><p>不能承受我已无处可躲</p><p>我不要再想我不要再想</p><p>我不我不我不要再想你</p><p>不知不觉你已经离开我</p><p>不知不觉我跟了这节奏</p><p>后知后觉又过了一个秋</p><p>后知后觉我该好好生活</p><p>不知不觉你已经离开我</p><p>不知不觉我跟了这节奏</p><p>后知后觉又过了一个秋</p><p>后知后觉我该好好生活</p><p>不知不觉你已经离开我</p><p>不知不觉我跟了这节奏</p><p>后知后觉后知后觉</p>', '龙卷风.mp3', '20001', '30002', '40001');
INSERT INTO `song` VALUES ('60011', '反方向的钟', '04:18', '方文山', '周杰伦', '周杰伦', '《反方向的钟》是专辑中唯一不具西方味道的曲，前奏并加入母语音标ㄅㄆㄇㄈ，除了B段加入奏鸣曲的感觉换了一些和弦之外，整首竟以3个和弦完成，兼具东方忧郁的味道。', '2000-11-07', '<p>反方向的钟 - 周杰伦 (Jay Chou)</p><p>词：方文山</p><p>曲：周杰伦</p><p>编曲：周杰伦</p><p>合声：周杰伦</p><p>合声编写：周杰伦</p><p>ㄅㄆㄇㄈㄉㄊㄋㄌㄍㄎㄏ</p><p>ㄅㄆㄇㄈㄉㄊㄋㄌㄍㄎㄏㄐ</p><p>ㄅㄆㄇㄈㄉㄊㄋㄌㄍㄎㄏ</p><p>ㄅㄆㄇㄈㄉㄊㄋㄌ</p><p>迷迷蒙蒙 你给的梦</p><p>出现裂缝 隐隐作痛</p><p>怎么沟通你都没空</p><p>说我不懂 说了没用</p><p>他的笑容 有何不同</p><p>在你心中 我不再受宠</p><p>我的天空 是雨是风 还是彩虹</p><p>你在操纵</p><p>恨自己真的没用情绪激动</p><p>一颗心到现在还在抽痛</p><p>还为分手前那句抱歉在感动</p><p>穿梭时间的画面的钟</p><p>从反方向 开始移动</p><p>回到当初爱你的时空</p><p>停格内容 不忠</p><p>所有回忆对着我进攻</p><p>我的伤口 被你拆封</p><p>誓言太沉重泪被纵容</p><p>脸上汹涌 失控</p><p>城市霓虹 不安跳动</p><p>染红夜空 过去种种</p><p>像一场梦 不敢去碰</p><p>一想就痛 心碎内容</p><p>每一秒钟 都有不同</p><p>你不懂 连一句珍重</p><p>也有苦衷 也不想送</p><p>寒风中 废墟烟囱</p><p>停止转动 一切落空</p><p>在人海中盲目跟从</p><p>别人的梦 全面放纵</p><p>恨没有用 疗伤止痛</p><p>不再感动 没有梦</p><p>痛不知轻重</p><p>泪水鲜红 全面放纵</p><p>恨自己真的没用情绪激动</p><p>一颗心到现在还在抽痛</p><p>还为分手前那句抱歉在感动</p><p>穿梭时间的画面的钟</p><p>从反方向 开始移动</p><p>回到当初爱你的时空</p><p>停格内容 不忠</p><p>所有回忆对着我进攻</p><p>我的伤口 被你拆封</p><p>誓言太沉重泪被纵容</p><p>脸上汹涌 失控</p><p>穿梭时间的画面的钟</p><p>从反方向 开始移动</p><p>回到当初爱你的时空</p><p>停格内容 不忠</p><p>所有回忆对着我进攻</p>', '反方向的钟', '20001', '30002', '40004');
INSERT INTO `song` VALUES ('60012', '夜曲', '03:46', '方文山', '周杰伦', '林迈可', '《夜曲》是《十一月的肖邦》中最早完成的作品，也可说是整张专辑的精神所在，词由方文山创作，在歌曲创作中周杰伦用古典的扎实底子，结合了流行元素。', '2000-11-07', '<p>夜曲 - 周杰伦 (Jay Chou)</p><p>词：方文山</p><p>曲：周杰伦</p><p>编曲：林迈可</p><p>制作人：周杰伦</p><p>一群嗜血的蚂蚁 被腐肉所吸引</p><p>我面无表情 看孤独的风景</p><p>失去你 爱恨开始分明</p><p>失去你 还有什么事好关心</p><p>当鸽子不再象征和平</p><p>我终于被提醒</p><p>广场上喂食的是秃鹰</p><p>我用漂亮的押韵</p><p>形容被掠夺一空的爱情</p><p>啊 乌云开始遮蔽 夜色不干净</p><p>公园里 葬礼的回音 在漫天飞行</p><p>送你的白色玫瑰</p><p>在纯黑的环境凋零</p><p>乌鸦在树枝上诡异的很安静</p><p>静静听 我黑色的大衣</p><p>想温暖你日渐冰冷的回忆</p><p>走过的走过的生命</p><p>啊 四周弥漫雾气</p><p>啊 我在空旷的墓地</p><p>老去后还爱你</p><p>为你弹奏肖邦的夜曲</p><p>纪念我死去的爱情</p><p>跟夜风一样的声音</p><p>心碎的很好听</p><p>手在键盘敲很轻</p><p>我给的思念很小心</p><p>你埋葬的地方叫幽冥</p><p>为你弹奏肖邦的夜曲</p><p>纪念我死去的爱情</p><p>而我为你隐姓埋名</p><p>在月光下弹琴</p><p>对你心跳的感应</p><p>还是如此温热亲近</p><p>怀念你那鲜红的唇印</p><p>那些断翅的蜻蜓 散落在这森林</p><p>而我的眼睛 没有丝毫同情</p><p>失去你 泪水混浊不清</p><p>失去你 我连笑容都有阴影</p><p>风在长满青苔的屋顶</p><p>嘲笑我的伤心</p><p>像一口没有水的枯井</p><p>我用凄美的字型</p><p>描绘后悔莫及的那爱情</p><p>为你弹奏肖邦的夜曲</p><p>纪念我死去的爱情</p><p>跟夜风一样的声音</p><p>心碎的很好听</p><p>手在键盘敲很轻</p><p>我给的思念很小心</p><p>你埋葬的地方叫幽冥</p><p>为你弹奏肖邦的夜曲</p><p>纪念我死去的爱情</p><p>而我为你隐姓埋名</p><p>在月光下弹琴</p><p>对你心跳的感应</p><p>还是如此温热亲近</p><p>怀念你那鲜红的唇印</p><p>一群嗜血的蚂蚁 被腐肉所吸引</p><p>我面无表情 看孤独的风景</p><p>失去你 爱恨开始分明</p><p>失去你 还有什么事好关心</p><p>当鸽子不再象征和平</p><p>我终于被提醒</p><p>广场上喂食的是秃鹰</p><p>我用漂亮的押韵</p><p>形容被掠夺一空的爱情</p>', '夜曲.mp3', '20001', '30003', '40002');
INSERT INTO `song` VALUES ('60013', '蓝色风暴', '04:47', '方文山', '周杰伦', '洪敬尧', '《蓝色风暴》是周杰伦演唱的一首歌曲，由周杰伦作曲，方文山作词，洪敬尧编曲，收录于周杰伦发行的专辑《十一月的肖邦》中。这是一首结合摇滚、电子、民谣和古典的作品，非常有创意，借着百事的噱头，虽然加入了宗教合唱的元素，却还是落入了一贯流行曲调的俗套，连说唱的部分都似曾相识，把古典的和声部分拿掉，修饰一下旋律就成为《四面楚歌》的开篇。', '2005-11-01', '<p>蓝色风暴 - 周杰伦 (Jay Chou)</p><p>词：方文山</p><p>曲：周杰伦</p><p>编曲：洪敬尧</p><p>制作人：周杰伦</p><p>亘古长夜 善恶交接</p><p>我终于懂得流眼泪</p><p>洪荒世界 百分之七十都是</p><p>水 湛蓝的 旷野</p><p>在海平面渴望满月</p><p>于是我终于学会告解</p><p>弥赛亚被世人误解 被分类</p><p>爱恨 从此敌对</p><p>远离风暴浩劫 在第三章第四节</p><p>我正在改写这世界</p><p>用观念进行侵略 我们占领整条街</p><p>粉刷海洋蓝的季节</p><p>一列 超高速的地铁</p><p>一路 训练我的听觉</p><p>消灭 那些</p><p>太琐碎 太异类 让问题尖锐 oh</p><p>一双 狂奔中的球鞋</p><p>一路 强壮着我的肺</p><p>面对 这些</p><p>太威胁 太强烈 从来不喊累</p><p>九星联结 排成一列</p><p>在感动中我们忏悔</p><p>生命珍贵 我用那十四行诗</p><p>赞美 年轻的 一切</p><p>我们在地平线感谢</p><p>爱停止向另一边倾斜</p><p>这首部曲的管弦乐 太凄美</p><p>终于 被人了解</p><p>远离风暴浩劫 耍狠不是靠对嘴</p><p>我就是传说中的谁</p><p>你跟我们很对味 有同一挂的感觉</p><p>其他人我根本不屑</p><p>一列 超高速的地铁</p><p>一路 训练我的听觉</p><p>消灭 那些</p><p>太琐碎 太异类 让问题尖锐 oh</p><p>一双 狂奔中的球鞋</p><p>一路 强壮着我的肺</p><p>面对 这些</p><p>太威胁 太强烈 从来不喊累</p><p>一列 超高速的地铁</p><p>一路 训练我的听觉</p><p>消灭 那些</p><p>太琐碎 太异类 让问题尖锐 oh</p><p>一双 狂奔中的球鞋</p><p>一路 强壮着我的肺</p><p>面对 这些</p><p>太威胁 太强烈 从来不喊累</p><p>一列 超高速的地铁</p><p>一路 训练我的听觉</p><p>消灭 那些</p><p>太琐碎 太异类 让问题尖锐 oh</p><p>一双 狂奔中的球鞋</p><p>一路 强壮着我的肺</p><p>面对 这些</p><p>太威胁 太强烈 从来不喊累</p>', '蓝色风暴.mp3', '20001', '30003', '40003');
INSERT INTO `song` VALUES ('60014', '发如雪', '04:59', '方文山', '周杰伦', '林迈可', '《发如雪》是由周杰伦作曲，方文山填词，周杰伦演唱。《发如雪》是首古筝伴奏的中国古典风格的作品，相比《夜曲》的欧洲古典风格，这首《十一月的萧邦》专辑中的第二主打歌曲毫不逊色。另外歌词“本来无一物，何处惹尘埃”道出了这生生世世，缘起缘落，一切只因心尘未脱的世间痴男怨女的心境。《发如雪》是一首在唱腔上颇具难度技巧的歌曲，周杰伦飙到高音的地方令人印象深刻。', '2005-11-01', '<p>发如雪 - 周杰伦 (Jay Chou)</p><p>词：方文山</p><p>曲：周杰伦</p><p>编曲：林迈可</p><p>制作人：周杰伦</p><p>狼牙月 伊人憔悴</p><p>我举杯 饮尽了风雪</p><p>是谁打翻前世柜 惹尘埃是非</p><p>缘字诀 几番轮回</p><p>你锁眉 哭红颜唤不回</p><p>纵然青史已经成灰 我爱不灭</p><p>繁华如三千东流水</p><p>我只取一瓢爱了解</p><p>只恋你化身的蝶</p><p>你发如雪 凄美了离别</p><p>我焚香感动了谁</p><p>邀明月 让回忆皎洁</p><p>爱在月光下完美</p><p>你发如雪 纷飞了眼泪</p><p>我等待苍老了谁</p><p>红尘醉 微醺的岁月</p><p>我用无悔 刻永世爱你的碑</p><p>你发如雪 凄美了离别</p><p>我焚香感动了谁</p><p>邀明月 让回忆皎洁</p><p>爱在月光下完美</p><p>你发如雪 纷飞了眼泪</p><p>我等待苍老了谁</p><p>红尘醉 微醺的岁月</p><p>狼牙月 伊人憔悴</p><p>我举杯 饮尽了风雪</p><p>是谁打翻前世柜 惹尘埃是非</p><p>缘字诀 几番轮回</p><p>你锁眉 哭红颜唤不回</p><p>纵然青史已经成灰 我爱不灭</p><p>繁华如三千东流水</p><p>我只取一瓢爱了解</p><p>只恋你化身的蝶</p><p>你发如雪 凄美了离别</p><p>我焚香感动了谁</p><p>邀明月 让回忆皎洁</p><p>爱在月光下完美</p><p>你发如雪 纷飞了眼泪</p><p>我等待苍老了谁</p><p>红尘醉 微醺的岁月</p><p>我用无悔 刻永世爱你的碑</p><p>你发如雪 凄美了离别</p><p>我焚香感动了谁</p><p>邀明月 让回忆皎洁</p><p>爱在月光下完美</p><p>你发如雪 纷飞了眼泪</p><p>我等待苍老了谁</p><p>红尘醉 微醺的岁月</p><p>你发如雪 凄美了离别</p><p>我焚香感动了谁</p><p>邀明月 让回忆皎洁</p><p>爱在月光下完美</p><p>你发如雪 纷飞了眼泪</p><p>我等待苍老了谁</p><p>红尘醉 微醺的岁月</p><p>我用无悔 刻永世爱你的碑</p><p>啦儿啦儿啦</p><p>啦儿啦 啦儿啦 啦儿啦儿啊</p><p>铜镜映无邪 扎马尾</p><p>你若撒野 今生我把酒奉陪</p><p>啦儿啦 啦儿啦 啦儿啦儿啦</p><p>啦儿啦 啦儿啦 啦儿啦儿啊</p><p>铜镜映无邪 扎马尾</p><p>你若撒野 今生我把酒奉陪</p>', '发如雪.mp3', '20001', '30003', '40001');
INSERT INTO `song` VALUES ('60015', '黑色毛衣', '04:12', '周杰伦', '周杰伦', '林迈可', '《黑色毛衣》是周杰伦演唱的一首歌曲，由周杰伦作词、作曲，周杰伦表示在高中时他就与女友共穿校服外套，一同骑着摩托车到淡水。于是，他根据自己的亲身回忆与体验创作了《黑色毛衣》这首歌曲。《黑色毛衣》是一首小调R&amp;B的抒情作品，浓厚的异国风情弥漫全曲。虽然没有华丽的编曲，但其中所蕴含的惆怅之情，在周杰伦唱到副歌时，将情绪整个推向最高点。这首歌曲是专辑《十一月的萧邦》的第三主打歌曲，代表着周杰伦细腻的感情，如同其他风格类似的作品一样，有种遗憾的叹息声。', '2005-11-01', '<p>黑色毛衣 - 周杰伦 (Jay Chou)</p><p>词：周杰伦</p><p>曲：周杰伦</p><p>编曲：林迈可</p><p>制作人：周杰伦</p><p>一件黑色毛衣 两个人的回忆</p><p>雨过之后 更难忘记</p><p>忘记我还爱你</p><p>你不用在意 流泪也只是刚好而已</p><p>我早已经待在谷底</p><p>我知道不能再留住你</p><p>也知道不能没有骨气</p><p>感激你 让我拥有秋天的美丽</p><p>看着那白色的蜻蜓</p><p>在空中忘了前进</p><p>还能不能 重新编织</p><p>脑海中起毛球的记忆</p><p>再说我爱你 可能雨也不会停</p><p>黑色毛衣 藏在哪里</p><p>就让回忆永远停在那里</p><p>一件黑色毛衣 两个人的回忆</p><p>雨过之后 更难忘记</p><p>忘记我还爱你</p><p>你不用在意 流泪也只是刚好而已</p><p>我早已经待在谷底</p><p>我知道不能再留住你</p><p>也知道不能没有骨气</p><p>感激你 让我拥有秋天的美丽</p><p>看着那白色的蜻蜓</p><p>在空中忘了前进</p><p>还能不能 重新编织</p><p>脑海中起毛球的记忆</p><p>再说我爱你 可能雨也不会停</p><p>黑色毛衣 藏在哪里</p><p>就让回忆永远停在那里</p><p>看着那白色的蜻蜓</p><p>在空中忘了前进</p><p>还能不能 重新编织</p><p>脑海中起毛球的记忆</p><p>再说我爱你 可能雨也不会停</p><p>黑色毛衣 藏在哪里</p><p>就让回忆永远停在那里</p>', '黑色毛衣.mp3', '20001', '30003', '40002');
INSERT INTO `song` VALUES ('60016', '四面楚歌', '04:08', '周杰伦', '周杰伦', '洪敬尧', '《四面楚歌》 一个传统文化韵味的歌名，但歌曲似乎并不想贯彻这一点。仔细一听才知道这首歌实际上就是写狗仔队的。在歌词当中不仅透露出周杰伦无奈的情绪，也让大家看到他幽默面对媒体的一面。整首歌曲的画面就像是007电影般的紧凑，象征着名利、女色的包裹人人都想要 。主旋律始终重复：我不可能再回头，我只能一直往前走，其中还有段韩语的Rap，是由周杰伦御用编曲林迈可唱的，很有创意。', '2005-11-01', '<p>四面楚歌 - 周杰伦/林迈可</p><p>词：周杰伦</p><p>曲：周杰伦</p><p>编曲：洪敬尧</p><p>制作人：周杰伦</p><p>周：</p><p>我的生活像</p><p>拍了一出戏</p><p>有超多导演跟编剧</p><p>只说了台词一句</p><p>而他们配了八百个语气</p><p>操控着我的情绪</p><p>那根本不是我的口气</p><p>想让观众看好戏</p><p>最后的目的</p><p>还不是在促进收视率</p><p>我不知道</p><p>我有没有勇气</p><p>拆下他们的面具</p><p>我只知道</p><p>好像认真的男人最美丽</p><p>会不会一直演下去</p><p>到他们满意</p><p>啦啦啦啦啦</p><p>Oh oh</p><p>我不可能再回头</p><p>啦啦啦啦啦</p><p>Oh oh</p><p>我只能一直往前走</p><p>我在回家路上</p><p>看到路标指着演艺圈</p><p>如果选择往前走</p><p>我就必须强壮</p><p>走着走着 莫名其妙</p><p>冲出来好几只狗</p><p>我心想我什么时候</p><p>认养这么多只狗</p><p>他们咬着苹果</p><p>手里拿着长镜头</p><p>好像要对着我诉说什么阴谋</p><p>会说话的狗</p><p>他说他是为了狗周刊</p><p>看能不能拍我</p><p>多换几根骨头</p><p>如果伤害我是你的天性</p><p>那怜悯是我的座右铭</p><p>狗 狗 狗 狗</p><p>需要我照亮你回家的路</p><p>那我会送你们手电筒</p><p>狗 狗 狗 狗</p><p>我告诉他们</p><p>八卦是会过去的</p><p>新闻是一时的</p><p>生活是永久的</p><p>音乐是会留下来的</p><p>我帮他们写了歌</p><p>因为我没写过</p><p>保育动物之类的歌</p><p>我始终还是我</p><p>谁都改变不了我</p><p>虽然我知道很多弓箭手</p><p>想射下往上爬的我</p><p>当我到了山顶上头</p><p>谁都伤不了我</p><p>这些弓箭手</p><p>辛苦了你们提笔的手</p><p>我还是会把你们当朋友</p><p>因为我知道</p><p>这是你们大家的工作</p><p>加油 咬着苹果的狗</p><p>虽然不是我的对手</p><p>还是可以成为我的狗</p><p>啦啦啦啦啦</p><p>Oh oh 我不可能再回头</p><p>啦啦啦啦啦</p><p>Oh oh 我只能一直往前走</p><p>林：</p><p>왜</p><p>내 뒤에 따라오는 개들이 있나 (있나)</p><p>남의 인생 사고 파는 파파라치</p><p>차마 필요없다 （없다）</p><p>이 노래 끝나기 전에</p><p>내가 병원에 보내줄까</p><p>말가(말까)</p><p>점점 사라지는 나의 privacy로부터</p><p>피해받은 나의 familly 이제는 멈춰</p><p>그만하고 꺼져버려져 요</p><p>내 맘대로 맘대로 살고 싶어 요</p><p>周：</p><p>啦啦啦啦啦</p><p>Oh oh 我不可能再回头</p><p>啦啦啦啦啦</p><p>Oh oh 我只能一直往前走</p><p>深怕没有了新闻</p><p>才学会开车 来跟踪别人</p><p>Oh oh 为了什么</p><p>Oh oh 为了骨头</p><p>偷窥别人的生活</p><p>自以为侦探 看太多柯南</p><p>Oh oh 拍了什么</p><p>Oh oh 什么都没有</p>', '四面楚歌.mp3', '20001', '30003', '40001');
INSERT INTO `song` VALUES ('60017', '枫', '04:35', '弹头', '周杰伦', '钟兴民', '《南拳妈妈》弹头继《搁浅》后，为师兄填词的又一抒情摇滚佳作。简单钢琴声与北京爱乐扣人心弦的弦乐伴奏，配上杰伦略带沙哑的唱腔，呈现出惆怅萧瑟的气味，空气中就像飘浮着回忆，吹着冷冷的风，在这充满回忆的秋季，用缓缓飘落的枫叶来隐喻思念，化成一页页动人的沉寂诗篇。', '2005-11-01', '<p>枫 - 周杰伦 (Jay Chou)</p><p>词：弹头（宋健彰）</p><p>曲：周杰伦</p><p>编曲：钟兴民</p><p>制作人：周杰伦</p><p>乌云在我们心里搁下一块阴影</p><p>我聆听沉寂已久的心情</p><p>清晰透明就像美丽的风景</p><p>总在回忆里才看的清</p><p>被伤透的心能不能够继续爱我</p><p>我用力牵起没温度的双手</p><p>过往温柔已经被时间上锁</p><p>只剩挥散不去的难过</p><p>缓缓飘落的枫叶像思念</p><p>我点燃烛火温暖岁末的秋天</p><p>极光掠夺天边</p><p>北风掠过想你的容颜</p><p>我把爱烧成了落叶</p><p>却换不回熟悉的那张脸</p><p>缓缓飘落的枫叶像思念</p><p>为何挽回要赶在冬天来之前</p><p>爱你穿越时间</p><p>两行来自秋末的眼泪</p><p>让爱渗透了地面</p><p>我要的只是你在我身边</p><p>被伤透的心能不能够继续爱我</p><p>我用力牵起没温度的双手</p><p>过往温柔已经被时间上锁</p><p>只剩挥散不去的难过</p><p>在山腰间飘逸的红雨随着北风凋零</p><p>我轻轻摇曳风铃</p><p>想唤醒被遗弃的爱情</p><p>雪花已铺满了地</p><p>生怕窗外枫叶已结成冰</p><p>缓缓飘落的枫叶像思念</p><p>我点燃烛火温暖岁末的秋天</p><p>极光掠夺天边</p><p>北风掠过想你的容颜</p><p>我把爱烧成了落叶</p><p>却换不回熟悉的那张脸</p><p>缓缓飘落的枫叶像思念</p><p>为何挽回要赶在冬天来之前</p><p>爱你穿越时间</p><p>两行来自秋末的眼泪</p><p>让爱渗透了地面</p><p>我要的只是你在我身边</p>', '枫.mp3', '20001', '30003', '40001');
INSERT INTO `song` VALUES ('60018', '浪漫手机', '04:00', '方文山', '周杰伦', '洪敬尧', '带着喝下午茶的轻松心情，微笑浏览手机里的浪漫，在虚拟土壤慢慢用文字灌溉情感，给妳的真心只有杰伦限定。', '2005-11-01', '<p>浪漫手机 - 周杰伦 (Jay Chou)</p><p>词：方文山</p><p>曲：周杰伦</p><p>编曲：洪敬尧</p><p>制作人：周杰伦</p><p>轻轻放 我就是卸不下对你的喜欢</p><p>原来爱会慢慢增加重量</p><p>想关上这城市所有的灯光</p><p>黑暗中专心闻你的发香</p><p>这夜晚 让暗恋更有画面感</p><p>回想 与你约会过的地方</p><p>都舍不得删 在脑海里储存欣赏</p><p>你微笑浏览 手机里的浪漫</p><p>原来真心送出爱是这么简单</p><p>温习荧幕上 你可爱的模样</p><p>关于缘份的解释我又多传了一行</p><p>你微笑浏览 手机里的浪漫</p><p>原来爱情可以来的这么突然</p><p>短讯的桥梁 将暧昧期拉长</p><p>我们的感情蔓延滋长用文字培养</p><p>在虚拟土壤</p><p>电视墙 吵杂的情歌还在拼命播放</p><p>我安静在闹区等来电铃响</p><p>有一些话打好了却不敢传</p><p>怕收到讯息的你在为难</p><p>街道上 人潮衬托我的孤单</p><p>想像 谁幸运的陪在你身旁</p><p>却误会一场 你也在等你手机响</p><p>你微笑浏览 手机里的浪漫</p><p>原来真心送出爱是这么简单</p><p>温习荧幕上 你可爱的模样</p><p>关于缘份的解释我又多传了一行</p><p>你微笑浏览 手机里的浪漫</p><p>原来爱情可以来的这么突然</p><p>短讯的桥梁 将暧昧期拉长</p><p>我们的感情蔓延滋长用文字培养</p><p>在虚拟土壤</p>', '浪漫手机.mp3', '20001', '30003', '40001');
INSERT INTO `song` VALUES ('60019', '逆鳞', '03:54', '黄俊郎', '周杰伦', '钟兴民', '《逆鳞》这首歌的编曲将摇滚和交响乐融合在了一起，是一种大胆的尝试。歌曲运用大量的古典弦乐协奏，有种气势淋漓的感觉，尤其是结尾的桥段是个标准的古典曲式，中间有段电子合成小提琴独奏很耐听。歌曲的歌词写的很愤世，这首歌的主题也非常深刻，如果人的自尊受到侵犯，就要无所畏惧坚决反击。即使“生命对每个人不公平没有道理”，也要带着孤寂冲破黑暗迎接光明。', '2005-11-01', '<p>逆鳞 - 周杰伦 (Jay Chou)</p><p>词：黄俊郎</p><p>曲：周杰伦</p><p>编曲：钟兴民</p><p>制作人：周杰伦</p><p>而生命 对每个人</p><p>都不公平 也没道理</p><p>只能扑向 泥泞迎向</p><p>那阵骤雨 由不得你</p><p>Yeah</p><p>突来的骤雨</p><p>这条街一路泥泞</p><p>就像人生</p><p>不过是一场即兴</p><p>整个世界</p><p>正在对我们挑衅</p><p>就算如此</p><p>还是得无惧前进</p><p>手中的邮报</p><p>封面的人在微笑</p><p>下个路口</p><p>生命在暗巷尖叫</p><p>活着只是</p><p>油墨上面的一角</p><p>明天之后</p><p>还有谁翻阅得得到</p><p>我跟你用不同方式</p><p>踩过前方带刺荆棘</p><p>你嚣张不畏惧退缩</p><p>我低头沉默却坚定</p><p>用力的还击 发出声音</p><p>让他们安静不敢相信</p><p>继续前进</p><p>他们畏惧 睁大眼睛</p><p>他们躲避 然后放弃</p><p>专心聆听 我的声音</p><p>而生命 对每个人</p><p>都不公平 也没道理</p><p>只能扑向 泥泞迎向</p><p>那阵骤雨 由不得你</p><p>如果生命 对每个人</p><p>都不公平 也没道理</p><p>那就让我 带着孤寂</p><p>继续前进 直到光明</p><p>我我</p><p>我只有一种容貌</p><p>我就是永远不会倒</p><p>我就算逆境环绕</p><p>我面对也要带着笑</p><p>我只有一种咆哮</p><p>我要让他们都知道</p><p>我生命再怎么粗糙</p><p>我都要活的很骄傲</p><p>我说自尊啊</p><p>看起来或许可笑</p><p>但它至少撑着我</p><p>试着不让我跌倒</p><p>活着如果只是不甘寂静的喧嚣</p><p>那就咆哮吧</p><p>让每个人都能听得到</p><p>用力的还击</p><p>发出声音</p><p>让他们安静不敢相信</p><p>继续前进</p><p>他们畏惧 睁大眼睛</p><p>他们躲避 然后放弃</p><p>专心聆听 我的声音</p><p>而生命 对每个人</p><p>都不公平 也没道理</p><p>只能扑向 泥泞迎向</p><p>那阵骤雨 由不得你</p><p>如果生命 对每个人</p><p>都不公平 也没道理</p><p>那就让我 带着孤寂</p><p>继续前进 直到光明</p><p>而生命 对每个人</p><p>都不公平 也没道理</p><p>只能扑向 泥泞迎向</p><p>那阵骤雨 由不得你</p><p>如果生命 对每个人</p><p>都不公平 也没道理</p><p>那就让我 带着孤寂</p><p>继续前进 直到光明</p><p>而生命 对每个人</p><p>都不公平 也没道理</p><p>只能扑向 泥泞迎向</p><p>那阵骤雨 由不得你</p><p>如果生命 对每个人</p><p>都不公平 也没道理</p><p>那就让我 带着孤寂</p><p>继续前进</p>', '逆鳞.mp3', '20001', '30003', '40003');
INSERT INTO `song` VALUES ('60020', '麦芽糖', '04:20', '方文山', '周杰伦', '洪敬尧', '《麦芽糖》是周杰伦演唱的一首歌曲，由周杰伦作曲，方文山作词，洪敬尧编曲，收录在周杰伦的专辑《十一月的萧邦》中。《麦芽糖》这首歌曲是先取歌名才产生词的作品 。副歌部分反复出现的泰语“我爱你”，是周杰伦对泰国歌迷的致敬，因为他们在周杰伦的演唱会上用华语和周杰伦一起大合唱。', '2005-11-01', '<p>麦芽糖 - 周杰伦 (Jay Chou)</p><p>词：方文山</p><p>曲：周杰伦</p><p>编曲：洪敬尧</p><p>制作人：周杰伦</p><p>这蜿蜒的微笑</p><p>拥抱山丘溪流跟风唱起歌</p><p>我像田园诗人般</p><p>解读眼前的生活</p><p>麦田弯腰低头在垂钓温柔</p><p>这整座山谷都是风笛手</p><p>我在哑口聆听传说</p><p>跟着童话故事走</p><p>远方的风车</p><p>远距离诉说</p><p>那幸福在深秋</p><p>满满的被收割</p><p>老仓库的角落</p><p>我们数着</p><p>一麻袋的爱跟快乐</p><p>初恋的颜色</p><p>我牵着你的手经过</p><p>种麦芽糖的山坡</p><p>香浓的诱惑</p><p>你脸颊微热</p><p>吐气在我的耳朵</p><p>摘下麦芽糖熟透</p><p>我醒来还笑着</p><p>开心的 被黏手</p><p>我满嘴都是糖果</p><p>牵着你的手经过</p><p>种麦芽糖的山坡</p><p>甜蜜的四周</p><p>我低头害羞</p><p>我们愉快的梦游</p><p>我在草地上喝着</p><p>麦芽糖酿的酒</p><p>鲜嫩的 小时候</p><p>我好想再咬一口</p><p>这蜿蜒的微笑</p><p>拥抱山丘溪流跟风唱起歌</p><p>我像田园诗人般</p><p>解读眼前的生活</p><p>สวัสดี（泰文：你好）</p><p>麦田弯腰低头在垂钓温柔</p><p>这整座山谷都是风笛手</p><p>我在哑口聆听传说</p><p>跟着童话故事走</p><p>远方的风车</p><p>远距离诉说</p><p>那幸福在深秋</p><p>满满的被收割</p><p>老仓库的角落</p><p>我们数着</p><p>一麻袋的爱跟快乐</p><p>初恋的颜色</p><p>我牵着你的手经过</p><p>种麦芽糖的山坡</p><p>香浓的诱惑</p><p>你脸颊微热</p><p>吐气在我的耳朵</p><p>摘下麦芽糖熟透</p><p>我醒来还笑着</p><p>开心的 被黏手</p><p>我满嘴 都是糖果</p><p>牵着你的手经过</p><p>种麦芽糖的山坡</p><p>甜蜜的四周</p><p>我低头害羞</p><p>我们愉快的梦游</p><p>我在草地上喝着</p><p>麦芽糖酿的酒</p><p>鲜嫩的 小时候</p><p>我好想再咬一口</p><p>牵着你的手经过</p><p>种麦芽糖的山坡</p><p>甜蜜的四周</p><p>我低头害羞</p><p>我们愉快的梦游</p><p>我在草地上喝着</p><p>麦芽糖酿的酒</p><p>鲜嫩的 小时候</p><p>我好想再咬一口</p><p>ผมรักคุณ(泰文：我爱你)</p><p>ผมรักคุณ</p><p>ผมรักคุณ</p><p>ผมรักคุณ</p><p>ผมรักคุณ</p><p>ผมรักคุณ</p><p>ผมรักคุณ</p><p>ผมรักคุณ</p><p>ผมรักคุณ</p><p>ผมรักคุณ</p><p>ผมรักคุณ</p><p>ผมรักคุณ</p><p>我满嘴 都是糖果</p><p>我好想 再咬一口</p>', '麦芽糖.mp3', '20001', '30003', '40001');
INSERT INTO `song` VALUES ('60021', '珊瑚海', '04:15', '方文山', '周杰伦', '钟兴民', '周杰伦与梁心颐清新组合，深情创造男女对唱K歌新指标。曲风优美，大气。第一段的前几节乐感很纯洁，纯粹的东西很容易使人感动。继而乐念喷涌，排山倒海，不失为流行乐中难得的经典之作。南拳妈妈中lara和杰伦的对唱成就了方文山现代悲式情歌迄今为止的颠峰。', '2005-11-01', '<p>珊瑚海 - 周杰伦 (Jay Chou)/Lara梁心颐 (lara Liang)</p><p>词：方文山</p><p>曲：周杰伦</p><p>编曲：钟兴民</p><p>制作人：周杰伦</p><p>男：</p><p>海平面远方开始阴霾</p><p>悲伤要怎么平静纯白</p><p>我的脸上始终挟带</p><p>一抹浅浅的无奈</p><p>女：</p><p>你用唇语说你要离开</p><p>男：</p><p>心不在</p><p>合：</p><p>那难过无声慢了下来</p><p>汹涌潮水你听明白</p><p>不是浪而是泪海</p><p>男：</p><p>转身离开</p><p>女：</p><p>你有话说不出来</p><p>男：</p><p>分手说不出来</p><p>合：</p><p>海鸟跟鱼相爱</p><p>只是一场意外</p><p>我们的爱</p><p>女：</p><p>给的爱</p><p>合：</p><p>差异一直存在</p><p>女：</p><p>回不来</p><p>男：</p><p>风中尘埃</p><p>合：</p><p>等待竟累积成伤害</p><p>转身离开</p><p>分手说不出来</p><p>蔚蓝的珊瑚海</p><p>错过瞬间苍白</p><p>男：</p><p>当初彼此</p><p>女：</p><p>你我都</p><p>合：</p><p>不够成熟坦白</p><p>女：</p><p>不应该</p><p>男：</p><p>热情不再</p><p>合：</p><p>你的笑容勉强不来</p><p>爱深埋珊瑚海</p><p>男：</p><p>毁坏的沙雕如何重来</p><p>有裂痕的爱怎么重盖</p><p>只是一切结束太快</p><p>你说你无法释怀</p><p>女：</p><p>贝壳里隐藏什么期待</p><p>男：</p><p>等花儿开</p><p>合：</p><p>我们也已经无心再猜</p><p>女：</p><p>面向海风</p><p>男：</p><p>面向海风</p><p>女：</p><p>咸咸的爱</p><p>男：</p><p>咸咸的爱</p><p>合：</p><p>尝不出还有未来</p><p>男：</p><p>转身离开</p><p>女：</p><p>你有话说不出来</p><p>男：</p><p>分手说不出来</p><p>合：</p><p>海鸟跟鱼相爱</p><p>只是一场意外</p><p>男：</p><p>我们的爱</p><p>女：</p><p>给的爱</p><p>合：</p><p>差异一直存在</p><p>女：</p><p>回不来</p><p>男：</p><p>风中尘埃</p><p>女：</p><p>等待</p><p>合：</p><p>竟累积成伤害</p><p>转身离开</p><p>分手说不出来</p><p>蔚蓝的珊瑚海</p><p>错过瞬间苍白</p><p>男：</p><p>当初彼此</p><p>女：</p><p>你我都</p><p>合：</p><p>不够成熟坦白</p><p>女：</p><p>不应该</p><p>男：</p><p>热情不再</p><p>合：</p><p>你的笑容勉强不来</p><p>爱深埋珊瑚海</p>', '珊瑚海.mp3', '20001', '30003', '40001');
INSERT INTO `song` VALUES ('60022', '低调', '03:49', '黄伟文', 'Eric Kwok', '陈奕迅', '《低调》是香港流行男歌手 陈奕迅 的一首粤语歌曲，由 黄伟文 作词，Eric Kwok（ 郭伟亮 ）作曲，陈奕迅演唱。 收录于专辑《 Life Continues 》中，发行于2006年06月15日。', '2006-02-18', '<p>低调 - 陈奕迅 (Eason Chan)</p><p>词：黄伟文</p><p>曲：Eric Kwok</p><p>低调的我爱什么</p><p>混到广大观众里面躲</p><p>绝对不受关注快乐么</p><p>压力少空间多</p><p>像我一样装扮那样多</p><p>就算他在讲我说什么</p><p>盗听的话他会发现么</p><p>继续讲</p><p>请不必理我</p><p>你见过我未见过我</p><p>相当依稀记不清楚</p><p>不想嚣张连成名也太懒惰</p><p>你有派对别再叫我</p><p>名人版不必登我</p><p>我怕上镜怕上惯了会更饿</p><p>收视不够五六点</p><p>让我不用展览我弱点</p><p>害怕宠坏观众变导演</p><p>有亮光都不闪</p><p>没有佳丽选美爱落选</p><p>但我偏受不了太自恋</p><p>没有冲动张贴我自传</p><p>我情愿</p><p>偷偷的百厌</p><p>你见过我未见过我</p><p>相当依稀记不清楚</p><p>不想嚣张连成名也太懒惰</p><p>到你看我就已错过</p><p>谁人都捉不到我</p><p>我对世界却有恶作剧过</p><p>问你高调可以干什么</p><p>就算轰动几秒有用么</p><p>若你都未知我唱什么</p><p>继续高</p><p>请不必理我</p><p>你见过我未见过我</p><p>相当依稀记不清楚</p><p>不想嚣张连成名也太懒惰</p><p>到你看我就已错过</p><p>谁人都捉不到我</p><p>你要拍我你要杀我我会躲</p><p>潮人型人那预约席一早满座</p><p>忍者姿势都不错</p>', '低调.mp3', '20002', '30004', '40001');
INSERT INTO `song` VALUES ('60023', '人车志', '04:09', '黄伟文', 'Jerald Chan\'Inspired', '陈奕迅', '《人车志》是香港流行男歌手 陈奕迅 的一首粤语歌曲，由 黄伟文 作词，Jerald（ 陈哲庐 ）作曲，陈奕迅演唱。 收录于专辑《 Life Continues 》中，发行于2006年06月15日。', '2006-02-18', '<p>人车志 - 陈奕迅 (Eason Chan)</p><p>词：黄伟文</p><p>曲：Jerald Chan\'Inspired By Incognito-Everyday\'</p><p>大银幕相当广阔</p><p>在投射出想去的地方</p><p>面前是双探路灯</p><p>都市黑了我在马路发光</p><p>出去一下</p><p>还在戒烟还用买烟吗</p><p>出去一下</p><p>原来为见一见它</p><p>出去一下</p><p>瞒着太太才独处一下</p><p>出去一下</p><p>如宁静处非我家</p><p>我有车</p><p>我有压抑需要发射</p><p>我与车</p><p>结合一体感觉快些</p><p>我爱车</p><p>似个圣堂开到半夜</p><p>跳上车</p><p>对着表板祷告那些难题</p><p>想想如何转弯攀山落斜yeah</p><p>任由电窗敞开了</p><p>任由乐曲都市中迥响</p><p>面庞上的那阵风</p><p>感觉爽快决定笑着冻僵</p><p>出去一下</p><p>留下了手提在公司吗</p><p>出去一下</p><p>原来为见一见它</p><p>出去一下</p><p>人若间中能独处一下</p><p>整理一下</p><p>才能自我修正吗</p><p>我有车</p><p>我有压抑需要发射</p><p>我与车</p><p>结合一体感觉快些</p><p>我爱车</p><p>似个圣堂开到半夜</p><p>跳上车</p><p>对着表板祷告那些难题</p><p>想想如何转弯攀山落斜yeah</p><p>我有车</p><p>我有压抑需要发射</p><p>我与车</p><p>结合一体感觉快些</p><p>我爱车</p><p>似个圣堂开到半夜</p><p>跳上车</p><p>对着表板祷告那些难题</p><p>想想如何转弯攀山落斜</p><p>我有车</p><p>我有压抑需要发射</p><p>我要些</p><p>过渡空间给我煞车</p><p>我爱车</p><p>似个圣堂开到半夜</p><p>跳上车</p><p>对着表板祷告那些难题</p><p>想想如何转弯攀山落斜yeah</p><p>却却却</p><p>Hoho</p><p>车</p>', '人车志.mp3', '20002', '30004', '40001');
INSERT INTO `song` VALUES ('60024', '最佳损友', '03:53', '黄伟文', 'Eric Kwok', '陈奕迅', '《最佳损友》歌曲讲述的是朋友间由亲到疏的过程与感悟，娓娓道出了时间的无情、际遇的无奈、人生的无常。感激彼此曾经相遇相交，能在彼此的人生路程中一起走过，这或许便是这无常人生能给予我们的最最珍贵的东西。', '2006-02-18', '<p>最佳损友 - 陈奕迅 (Eason Chan)</p><p>词：黄伟文</p><p>曲：Eric Kwok</p><p>朋友 我当你一秒朋友</p><p>朋友 我当你一世朋友</p><p>奇怪 过去再不堪回首</p><p>怀缅 时时其实还有</p><p>朋友 你试过将我营救</p><p>朋友 你试过把我批斗</p><p>无法 再与你交心联手</p><p>毕竟 难得有过最佳损友</p><p>从前共你 促膝把酒</p><p>倾通宵都不够</p><p>我有痛快过 你有没有</p><p>很多东西今生只可给你</p><p>保守直到永久</p><p>别人如何明白透</p><p>实实在在</p><p>踏入过我宇宙</p><p>即使相处到 有个裂口</p><p>命运决定了</p><p>以后再没法聚头</p><p>但说过去 却那样厚</p><p>问我有没有 确实也没有</p><p>一直躲避的借口</p><p>非什么大仇</p><p>为何旧知己 在最后</p><p>变不到老友</p><p>不知你是我敌友</p><p>已没法望透</p><p>被推着走 跟着生活流</p><p>来年陌生的</p><p>是昨日最亲的某某</p><p>生死之交当天不知罕有</p><p>到你变节了 至觉未够</p><p>多想一天</p><p>彼此都不追究</p><p>相邀再次喝酒</p><p>待 葡萄成熟透</p><p>但是命运入面</p><p>每个邂逅</p><p>一起走到了 某个路口</p><p>是敌与是友</p><p>各自也没有自由</p><p>位置变了 各有队友</p><p>问我有没有 确实也没有</p><p>一直躲避的借口</p><p>非什么大仇</p><p>为何旧知己 在最后</p><p>变不到老友</p><p>不知你是我敌友</p><p>已没法望透</p><p>被推着走 跟着生活流</p><p>来年陌生的</p><p>是昨日最亲的某某</p><p>早知解散后</p><p>各自有际遇作导游</p><p>奇就奇在 接受了</p><p>各自有路走</p><p>却没人像你 让我</p><p>眼泪背着流</p><p>严重似情侣 讲分手</p><p>有没有 确实也没有</p><p>一直躲避的借口 非什么大仇</p><p>为何旧知己 在最后</p><p>变不到老友</p><p>不知你又有没有</p><p>挂念这旧友</p><p>或者自己 早就想通透</p><p>来年陌生的 是昨日</p><p>最亲的某某</p><p>总好于 那日我 没有</p><p>没有 遇过 某某</p>', '最佳损友.mp3', '20002', '30004', '40001');
INSERT INTO `song` VALUES ('60025', '暴殄天物', '03:30', '黄伟文', 'Jerald', '陈奕迅', '《暴殄天物》是香港流行男歌手陈奕迅的一首粤语歌曲，由黄伟文作词，Jerald（陈哲庐）作曲，陈奕迅演唱。收录于专辑《Life Continues》中，发行于2006年06月15日', '2006-02-18', '<p>暴殄天物 - 陈奕迅 (Eason Chan)</p><p>词：黄伟文</p><p>曲：Jerald</p><p>燃油被吸管抽干了 能源尽耗</p><p>农田被铲车铲光 食物却偏要倒</p><p>丛林被斧头斩低了 沦为旧书报</p><p>人人什么都得到 但没变得更好</p><p>好风光 看过了 便互望 原来从来未拍低</p><p>好东西 见惯了 没特别</p><p>原来浮华盛世 人人浪费</p><p>可以做沙律的菜 为何腐烂成这样</p><p>可以做新衫的布</p><p>沦为垃圾 进又要 来换上</p><p>可以做单车的钢 做了子弹与手枪</p><p>天赋是充足不过</p><p>完全用错 成就了 错对象</p><p>明明十箱新衫新裤 如常换季</p><p>前日大屋装修好 后日已经拆毁</p><p>全场电灯泡都开了 谁忘掉熄掣</p><p>谁人又亲身饰演 被浪费的那位</p><p>好风光 看过了 便互望</p><p>原来从来未拍低</p><p>好东西 见惯了 没特别</p><p>原来浮华盛世 人人浪费</p><p>可以做总统的你 做了家中那厅长</p><p>可以做画家的你 才华没有</p><p>谁卖账 谁卖账</p><p>可以做歌星的你 没有FANS要签名</p><p>可爱又可亲的我 为何没有</p><p>荣获你 当偶像</p><p>可以做总统的你 做了家中那厅长</p><p>可以做画家的你 才华没有</p><p>谁卖账 谁卖账</p><p>可以做歌星的你 没有FANS要签名</p><p>可爱又可亲的我 为何没有</p><p>荣获你 当偶像</p>', '暴殄天物.mp3', '20002', '30004', '40001');
INSERT INTO `song` VALUES ('60026', '落花流水', '03:57', '黄伟文', 'Eric Kwok', '陈奕迅', '《落花流水》是由黄伟文作词，Eric Kwok和Eason Chan作曲，陈奕迅演唱的一首歌曲，黄伟文的词，加上陈奕迅的声音，堪称完配。歌曲借用落花与流水的关系，喻出对人生、爱情的独特理解，属理性歌曲中的典范。', '2006-02-18', '<p>落花流水 - 陈奕迅 (Eason Chan)</p><p>词：黄伟文</p><p>曲：Eric Kwok/陈奕迅</p><p>流水像清得没带半颗沙</p><p>前身被搁在上游风化</p><p>但那天经过那条堤坝</p><p>斜阳又返照闪一下</p><p>遇上一朵落花</p><p>相遇就此拥着最爱归家</p><p>生活别过分地童话化</p><p>故事假使短过这五月落霞</p><p>没有需要惊诧</p><p>流水很清楚惜花这个责任</p><p>真的身份不过送运</p><p>这趟旅行若算开心</p><p>亦是无负这一生</p><p>水点蒸发变做白云</p><p>花瓣飘落下游生根</p><p>淡淡交会过各不留下印</p><p>流水在山谷下再次分岔</p><p>情感渐化做淡然优雅</p><p>自觉心境已有如明镜</p><p>为何为天降的稀客</p><p>泛过一点浪花</p><p>天下并非只是有这朵花</p><p>不用为故事下文牵挂</p><p>要是彼此都有些既定路程</p><p>学会洒脱好吗</p><p>流水很清楚惜花这个责任</p><p>真的身份不过送运</p><p>这趟旅行若算开心</p><p>亦是无负这一生</p><p>水点蒸发变做白云</p><p>花瓣飘落下游生根</p><p>命运敲定了要这么发生</p><p>讲分开可否不再</p><p>用憾事的口吻</p><p>习惯无常才会庆幸</p><p>讲真天涯途上谁是客</p><p>散席时怎么分</p><p>流水很清楚惜花这个责任</p><p>真的身份不过送运</p><p>这趟旅行若算开心</p><p>亦是无负这一生</p><p>水点蒸发变做白云</p><p>花瓣飘落下游生根</p><p>淡淡交会过各不留下印</p><p>但是经历过最温柔共振</p>', '落花流水.mp3', '20002', '30004', '40001');
INSERT INTO `song` VALUES ('60027', '大的太快', '02:29', '陈奕迅', '陈奕迅', '陈奕迅', '《大得太快》是香港流行男歌手 陈奕迅 的一首粤语歌曲，由 陈奕迅 作词作曲并演唱。 收录于专辑《 Life Continues 》中，发行于2006年06月15日。 《大得太快》是 陈奕迅 为爱女 陈康堤 写的歌', '2006-02-18', '<p>大得太快 - 陈奕迅 (Eason Chan)</p><p>词：陈奕迅</p><p>曲：陈奕迅</p><p>她长大得太快会令我觉得自己未大</p><p>她长大得太快会不会觉得快得要变坏</p><p>她长大后得或失会否把我气坏</p><p>我只想今天所想的别实现太快</p><p>她长大得太快会令我觉得自己未大</p><p>她长大得太快会不会觉得快得要变坏</p><p>她长大后得或失会否把我气坏</p><p>我只想今天所想的别实现太快</p><p>她长大得太快会令我觉得自己未大</p><p>她长大得太快会不会觉得快得要变坏</p><p>她长大后得或失会否把我气坏</p><p>我只想今天所想的别实现太快</p>', '大的太快.mp3', '20002', '30004', '40001');
INSERT INTO `song` VALUES ('60028', '想听', '03:27', '青介', '雷颂德', '陈奕迅', '《想听》是香港流行男歌手 陈奕迅 的一首粤语歌曲，由青介作词， 雷颂德 作曲，陈奕迅演唱。 收录于专辑《 Life Continues 》中，发行于2006年06月15日。', '2006-02-18', '<p>想听 - 陈奕迅 (Eason Chan)</p><p>词：青介</p><p>曲：雷颂德</p><p>风怎么叫 话我知蜜蜂怎笑</p><p>星怎不叫嚣 难道怕谁人被骚扰</p><p>想紧握这静悄的一秒</p><p>噪音听厌了 爱上在深宵</p><p>呆看这寂寞雨点 放浪轻飘 嗯…</p><p>如果宁静中感到害怕</p><p>送我相拥有用吗</p><p>会为我添上顾虑吗</p><p>可安心吗</p><p>宁静的海 仍充满热情暗浪</p><p>只得一刹那 捉不紧变化</p><p>虽安身这个怀里 亦怕</p><p>想听得见 用耳听未必听见</p><p>将心摆耳边 才骤觉沉默有深浅</p><p>听到浅笑 用笑即冠冕</p><p>纵听得刹那 够快乐一天</p><p>陶醉这静默爱恋 快乐飞天 哦…</p><p>如果宁静中感到害怕</p><p>送你相拥有用吗</p><p>会为你添上顾虑吗</p><p>可安心吗</p><p>宁静的海 仍充满热情暗浪</p><p>想听出变化 想听出记挂</p><p>想听听到吗 容我念挂</p><p>如果沉睡中感到害怕</p><p>你这相拥有用吗</p><p>会为我牵去顾虑吗</p><p>可安息吗</p><p>平静的海 无心叫热情靠岸</p><p>可惜一刹那 可惜这变化</p><p>虽安身这个怀里 亦怕</p>', '想听.mp3', '20002', '30004', '40001');
INSERT INTO `song` VALUES ('60029', '烟味', '04:23', '方文山', 'Alex San', 'Alex San', '《烟味》选自陈奕迅专辑《认了吧》，由方文山作词，alex san作曲。', '2007-04-24', '<p>烟味 - 陈奕迅 (Eason Chan)</p><p>词：方文山</p><p>曲：Alex San</p><p>编曲：Alex San</p><p>这乌云密布在徘徊</p><p>那阴沉的远方开始打雷</p><p>大雨痛快地粉碎</p><p>那些负面情绪一把火消灭</p><p>谁要比谁干脆</p><p>如果我错直接下跪</p><p>内心角落的胆怯</p><p>终于也俯首认罪</p><p>颓废混杂着烟味 我满脸胡渣</p><p>在自得其乐的世界</p><p>颓废我微醺的嘴 对镜子傻笑</p><p>脸上的快乐很直接</p><p>颓废在最深的夜 一个人独处</p><p>我竟然会爱上 那种感觉</p><p>安静的 很绝对</p><p>这玫瑰终究会凋谢</p><p>泥土在嘲笑着那些绿叶</p><p>春天终于也妥协</p><p>开始朝着死亡那一边倾斜</p><p>我脚下的影子</p><p>从来不肯试着像谁</p><p>风雨扫过 几条街</p><p>我也不受谁威胁</p><p>颓废混杂着烟味 我满脸胡渣</p><p>在自得其乐的世界</p><p>颓废我微醺的嘴 对镜子傻笑</p><p>脸上的快乐很直接</p><p>颓废在最深的夜 一个人独处</p><p>我竟然会爱上 那种感觉</p><p>安静的 很绝对</p><p>喝一口咖啡</p><p>继续打几页 累了平躺我就睡</p><p>习惯在凌乱之中被了解</p><p>桌面上厚厚的纸屑</p><p>我可以从里面再写出一个世界</p><p>颓废混杂着烟味 我满脸胡渣</p><p>在自得其乐的世界</p><p>颓废我微醺的嘴 对镜子傻笑</p><p>脸上的快乐很直接</p><p>颓废在最深的夜 一个人独处</p><p>我竟然会爱上 那种感觉</p><p>安静的 很绝对</p>', '烟味.mp3', '20002', '30005', '40001');
INSERT INTO `song` VALUES ('60030', '淘汰', '04:45', '周杰伦', '周杰伦', 'C.Y.Kong', '陈奕迅表示周杰伦创作的《淘汰》“虽然旋律很简单，歌词也很浅白，但是音域比较广，真的蛮难唱的”。《淘汰》所讲述的是女友对主人公爱情态度的不安猜测及怀疑，于是选择逃避，主人公原本试图潇洒的放弃这段情感，回想起过往时，才发现现实生活中的爱情无法像情歌里的歌词那么完美，面对已经支离破碎的感情，女友用离开为他们的爱情划下句点，他也只得选择放弃。', '2007-04-24', '<p>淘汰 - 陈奕迅 (Eason Chan)</p><p>词：周杰伦</p><p>曲：周杰伦</p><p>编曲：C.Y.Kong</p><p>我说了所有的谎</p><p>你全都相信</p><p>简单的我爱你</p><p>你却老不信</p><p>你书里的剧情</p><p>我不想上演</p><p>因为我喜欢</p><p>喜剧收尾</p><p>我试过完美放弃</p><p>的确很踏实</p><p>醒来了梦散了</p><p>你我都走散了</p><p>情歌的词何必押韵</p><p>就算我是K歌之王</p><p>也不见得把</p><p>爱情唱得完美</p><p>只能说我输了</p><p>也许是你怕了</p><p>我们的回忆没有皱褶</p><p>你却用离开烫下句点</p><p>只能说我认了</p><p>你的不安赢得你信任</p><p>我却得到你安慰的淘汰</p><p>我试过完美放弃</p><p>的确很踏实</p><p>醒来了梦散了</p><p>你我都走散了</p><p>情歌的词何必押韵</p><p>就算我是K歌之王</p><p>也不见得把</p><p>爱情唱得完美</p><p>只能说我输了</p><p>也许是你怕了</p><p>我们的回忆没有皱褶</p><p>你却用离开烫下句点</p><p>只能说我认了</p><p>你的不安赢得你信任</p><p>我却得到你安慰的淘汰</p><p>只能说我输了</p><p>也许是你怕了</p><p>我们的回忆没有皱褶</p><p>你却用离开烫下句点</p><p>只能说我认了</p><p>你的不安赢得你信任</p><p>我却得到你安慰的淘汰</p>', '淘汰.mp3', '20002', '30005', '40001');
INSERT INTO `song` VALUES ('60031', '快乐男生', '03:22', '易家扬', 'C.Y.Kong', '陈匡荣', '《快乐男生》是香港流行男歌手 陈奕迅 的一首国语歌曲，由 易家扬 作词， C.Y.Kong （ 江志仁 ）作曲，陈奕迅演唱。 收录于专辑《 认了吧 》中，发行于2007年04月24日。', '2007-04-24', '<p>快乐男生 - 陈奕迅 (Eason Chan)</p><p>词：易家扬</p><p>曲：C.Y.Kong</p><p>编曲：陈匡荣/C.Y.Kong</p><p>怎样让人生 拿满分</p><p>当个不平凡的人</p><p>努力加上运气 能不能 替明天开了门</p><p>永远当学生 永远特别认真</p><p>虽然未来老是 没个准</p><p>忍耐加上实践 我负责任</p><p>面对我目标飞奔</p><p>快一秒太闷 慢一秒太笨</p><p>要抓住时代的气氛</p><p>我的梦就是一张通行证</p><p>做个快乐的人</p><p>敞开全世界的门</p><p>我比谁都大声</p><p>当第一人</p><p>是的 我有这样的天分</p><p>听着快乐男生</p><p>（冲过了天空） 翻滚</p><p>我不怕一个人 打起精神</p><p>好坏都别问</p><p>都要等</p><p>永远当学生 永远特别认真</p><p>虽然未来老是 没个准</p><p>忍耐加上实践 我负责任</p><p>面对我目标飞奔</p><p>快一秒太闷 慢一秒太笨</p><p>要抓住时代的气氛</p><p>我的梦就是一张通行证</p><p>勇敢一点不要问别人</p><p>做个快乐的人</p><p>敞开全世界的门</p><p>我比谁都大声</p><p>当第一人</p><p>是的 我有这样的天分</p><p>听着快乐男生</p><p>（冲过了天空） 翻滚</p><p>我不怕一个人 打起精神</p><p>好坏都别问</p><p>都要等</p><p>还是我心里的风火轮</p><p>这关键的时分 我还在等什么</p><p>倒数 一秒 我应该为自由</p><p>发声</p><p>用快乐唱歌的人</p><p>用快乐唱歌的人</p><p>做个快乐的人</p><p>敞开全世界的门</p><p>我比谁都大声</p><p>当第一人</p><p>是的 我有这样的天分</p><p>做个快乐的人</p><p>敞开全世界的门</p><p>我比谁都大声</p><p>当第一人</p><p>是的 我有这样的天分</p><p>听着快乐男生</p><p>（冲破了天空） 翻滚</p><p>我不怕一个人 打起精神</p><p>好坏都别问</p><p>都要等</p>', '快乐男生.mp3', '20002', '30005', '40001');
INSERT INTO `song` VALUES ('60032', '红玫瑰', '03:59', '李焯雄', '梁翘柏', '梁翘柏', '《红玫瑰》由台湾填词人李焯雄根据张爱玲的小说《红玫瑰与白玫瑰》所填。讲的是每个男人心中都有两个女人，一个纯情，一个风骚，而红玫瑰象征风骚。“也许每一个男子全都有过这样的两个女人，至少两个。娶了红玫瑰，久而久之，红的变了墙上的一抹蚊子血，白的还是床前明月光；娶了白玫瑰，白的便是衣服上沾的一粒饭黏子，红的却是心口上一颗朱砂痣，”出自张爱玲的小说《红玫瑰与白玫瑰》。《红玫瑰》的粤语版歌曲是《白玫瑰》。', '2007-04-24', '<p>红玫瑰 - 陈奕迅 (Eason Chan)</p><p>词：李焯雄</p><p>曲：梁翘柏</p><p>编曲：梁翘柏</p><p>梦里梦到醒不来的梦</p><p>红线里被软禁的红</p><p>所有刺激剩下疲乏的痛</p><p>再无动于衷</p><p>从背后抱你的时候</p><p>期待的却是她的面容</p><p>说来实在嘲讽 我不太懂</p><p>偏渴望你懂</p><p>是否幸福轻得太沉重</p><p>过度使用不痒不痛</p><p>烂熟透红空洞了的瞳孔</p><p>终于掏空 终于有始无终</p><p>得不到的永远在骚动</p><p>被偏爱的 都有恃无恐</p><p>玫瑰的红 容易受伤的梦</p><p>握在手中却流失于指缝</p><p>又落空</p><p>红是朱砂痣烙印心口</p><p>红是蚊子血般平庸</p><p>时间美化那仅有的悸动</p><p>也磨平激动</p><p>从背后抱你的时候</p><p>期待的却是她的面容</p><p>说来实在嘲讽</p><p>我不太懂 偏渴望你懂</p><p>是否幸福轻得太沉重</p><p>过度使用 不痒不痛</p><p>烂熟透红空洞了的瞳孔</p><p>终于掏空 终于有始无终</p><p>得不到的永远在骚动</p><p>被偏爱的都有恃无恐</p><p>玫瑰的红 容易受伤的梦</p><p>握在手中却流失于指缝</p><p>又落空</p><p>是否说爱都太过沉重</p><p>过度使用不痒不痛</p><p>烧得火红 蛇行缠绕心中</p><p>终于冷冻终于有始无终</p><p>得不到的永远在骚动</p><p>被偏爱的都有恃无恐</p><p>玫瑰的红 容易受伤的梦</p><p>握在手中却流失于指缝</p><p>得不到的永远在骚动</p><p>被偏爱的 都有恃无恐</p><p>玫瑰的红 伤口绽放的梦</p><p>握在手中却流失于指缝</p><p>再落空</p>', '红玫瑰.mp3', '20002', '30005', '40001');
INSERT INTO `song` VALUES ('60033', '月黑风高', '04:36', '林夕', 'C.Y.Kong', 'C.Y.Kong', '《月黑风高》是香港流行男歌手 陈奕迅 的一首国语歌曲，由 林夕 作词，C.Y.Kong (江志仁)作曲，陈奕迅演唱。 收录于专辑《 认了吧 》中，发行于2007年04月24日。 《月黑风高》的粤语版是《黑择明》，收录于2006年11月23日发行的专辑《What\'S Going On...?》中', '2007-04-24', '<p>月黑风高 - 陈奕迅 (Eason Chan)</p><p>词：林夕</p><p>曲：C.Y.Kong</p><p>编曲：C.Y.Kong</p><p>月黑风高 弯腰在计程车</p><p>雨点大 不短的路 给蒙蔽</p><p>我想那司机这样子 熬夜到天亮</p><p>不容易</p><p>谁知他说 开完车</p><p>还要替一整栋大厦扫地 才休息</p><p>如果能多挣几个钱 让儿子上大学</p><p>没关系</p><p>他还说 没关系 再困也没有问题</p><p>只要下一代了不起</p><p>下一代 我们在 我们在唉声叹气</p><p>在沼泽里无能为力</p><p>想不到为什么会在这里</p><p>又想去哪里</p><p>越懂得多越不满意 越喜欢回忆</p><p>看到了背影 看不到自己</p><p>路牌也都怀疑</p><p>一直走千万公里</p><p>忘记了目的</p><p>他笑着说 从来没 念过书</p><p>只懂得出卖劳力 就心息</p><p>所以才希望他儿子 将来能行医</p><p>有出息</p><p>他说已经大年纪</p><p>开着车 右手有一点麻痹 没问题</p><p>后天有医生做儿子 每次想到这里</p><p>就欢喜</p><p>他还说 再吃力也不要 穿的失礼</p><p>否则怎去毕业典礼</p><p>下一代 我们在 我们在唉声叹气</p><p>在沼泽里无能为力</p><p>想不到为什么会在这里</p><p>又想去哪里</p><p>越懂得多越不满意 越喜欢回忆</p><p>看到了背影 看不到自己</p><p>路还也都怀疑</p><p>一直走千万公里</p><p>忘记了目的</p><p>想不到为什么会在这里</p><p>又想去哪里</p><p>越懂得多越不满意 越喜欢回忆</p><p>看到了路灯 看不到自己</p><p>一直到司机说</p><p>他老了 忘了问我</p><p>你想去哪里</p>\r\n', '月黑风高.mp3', '20002', '30005', '40001');
INSERT INTO `song` VALUES ('60034', '爱情转移', '04:19', '林夕', '泽日生', '陈珀', '《爱情转移》是陈奕迅演唱的一首歌曲，由泽日生作曲，林夕作词，陈珀、江志仁编曲，收录在陈奕迅2007年4月24日由环球唱片发行的专辑《认了吧》中。 该歌曲是电影《爱情呼叫转移》的主题曲。\r\n旋律感人至深，配上词人林夕富有生活哲理的歌词，再加上Eason深沉而又极富感染力的声音，以及整支MV恰如其分的意境表现，是一首值得观众欣赏的歌曲。歌词第一部分讲的是分开之后的回味和毁伤，第二部分是讲同床异梦的惆怅，高潮部分讲的就是正确反省后对爱情所应该拥有的正确态度', '2007-04-24', '<p>爱情转移 - 陈奕迅 (Eason Chan)</p><p>词：林夕</p><p>曲：泽日生</p><p>编曲：陈珀/C.Y.Kong</p><p>徘徊过多少橱窗</p><p>住过多少旅馆</p><p>才会觉得分离也并不冤枉</p><p>感情是用来浏览</p><p>还是用来珍藏</p><p>好让日子天天都过得难忘</p><p>熬过了多久患难</p><p>湿了多少眼眶</p><p>才能知道伤感是爱的遗产</p><p>流浪几张双人床</p><p>换过几次信仰</p><p>才让戒指义无反顾的交换</p><p>把一个人的温暖</p><p>转移到另一个的胸膛</p><p>让上次犯的错反省出梦想</p><p>每个人都是这样</p><p>享受过提心吊胆</p><p>才拒绝做爱情待罪的羔羊</p><p>回忆是抓不到的月光握紧就变黑暗</p><p>等虚假的背影消失于晴朗</p><p>阳光在身上流转</p><p>等所有业障被原谅</p><p>爱情不停站</p><p>想开往地老天荒</p><p>需要多勇敢</p><p>烛光照亮了晚餐</p><p>照不出个答案</p><p>恋爱不是温馨的请客吃饭</p><p>床单上铺满花瓣</p><p>拥抱让它成长</p><p>太拥挤就开到了别的土壤</p><p>感情需要人接班</p><p>接近换来期望</p><p>期望带来失望的恶性循环</p><p>短暂的总是浪漫</p><p>漫长总会不满</p><p>烧完美好青春换一个老伴</p><p>把一个人的温暖</p><p>转移到另一个的胸膛</p><p>让上次犯的错反省出梦想</p><p>每个人都是这样</p><p>享受过提心吊胆</p><p>才拒绝做爱情待罪的羔羊</p><p>回忆是抓不到的月光握紧就变黑暗</p><p>等虚假的背影消失于晴朗</p><p>阳光在身上流转</p><p>等所有业障被原谅</p><p>爱情不停站</p><p>想开往地老天荒</p><p>需要多勇敢</p><p>把一个人的温暖</p><p>转移到另一个的胸膛</p><p>让上次犯的错反省出梦想</p><p>每个人都是这样</p><p>享受过提心吊胆</p><p>才拒绝做爱情待罪的羔羊</p><p>回忆是抓不到的月光握紧就变黑暗</p><p>等虚假的背影消失于晴朗</p><p>阳光在身上流转</p><p>等所有业障被原谅</p><p>爱情不停站</p><p>想开往地老天荒</p><p>需要多勇敢</p><p>你不要失望</p><p>荡气回肠是为了</p><p>最美的平凡</p>\r\n', '爱情转移.mp3', '20002', '30005', '40001');
INSERT INTO `song` VALUES ('60035', '好久不见', '04:10', '施立', '陈小霞', '孙伟明', '《不如不见》由创作了《十年》的陈小霞作曲，请到作词人施立填上国语歌词，来描述期望和旧情人重逢，可以淡淡说声好久不见的意境，词填得不温不火，似只是在喃喃述说一个再也平常不过的爱情故事，适合陈奕迅淡定落寞却又充满沧桑沙哑的声音，谱写出一首凄美的情歌，', '2007-04-24', '<p>好久不见 - 陈奕迅 (Eason Chan)</p><p>词：施立</p><p>曲：陈小霞</p><p>编曲：孙伟明/C.Y.Kong/陈珀</p><p>我来到 你的城市</p><p>走过你来时的路</p><p>想象着 没我的日子</p><p>你是怎样的孤独</p><p>拿着你 给的照片</p><p>熟悉的那一条街</p><p>只是没了你的画面</p><p>我们回不到那天</p><p>你会不会忽然的出现</p><p>在街角的咖啡店</p><p>我会带着笑脸 挥手寒暄</p><p>和你 坐着聊聊天</p><p>我多么想和你见一面</p><p>看看你最近改变</p><p>不再去说从前 只是寒暄</p><p>对你说一句 只是说一句</p><p>好久不见</p><p>拿着你 给的照片</p><p>熟悉的那一条街</p><p>只是没了你的画面</p><p>我们回不到那天</p><p>你会不会忽然的出现</p><p>在街角的咖啡店</p><p>我会带着笑脸 挥手寒暄</p><p>和你 坐着聊聊天</p><p>我多么想和你见一面</p><p>看看你最近改变</p><p>不再去说从前 只是寒暄</p><p>对你说一句 只是说一句</p><p>好久不见</p>\r\n', '好久不见.mp3', '20002', '30005', '40001');
INSERT INTO `song` VALUES ('60036', '爱是一本书', '04:24', '易家扬', 'Davy Chan', 'Davy Chan', '《爱是一本书》是由易家扬作词，Davy Chan 作曲，陈奕迅演唱的一首歌曲，收录在发行的《认了吧》专辑中。这首歌是一首流行风格的歌曲。很有力度。', '2007-04-24', '<p>爱是一本书 - 陈奕迅 (Eason Chan)</p><p>词：易家扬</p><p>曲：Davy Chan</p><p>编曲：Davy Chan</p><p>制作人：Davy Chan/江志仁/陈奕迅</p><p>爱的样子像什么</p><p>几亿万人都不懂</p><p>你今天在做什么</p><p>你是怎样回忆我</p><p>故事书 写的很美</p><p>谈爱情的人类</p><p>总是要掉眼泪</p><p>可是爱比逻辑厉害</p><p>我们都要自由也要彼此的未来</p><p>这好奇怪</p><p>结局的状态 没时间摧坏</p><p>很久很久之后会</p><p>把来龙和去脉</p><p>写下来</p><p>我们会来读 爱这本书</p><p>怎样才会幸福 爱谁清楚</p><p>两颗心 在记录</p><p>从热到冷 多辛苦</p><p>Baby</p><p>我们会来读 爱这本书</p><p>哪个人先结束 爱 好残酷</p><p>到分开那一天</p><p>我才真正的领悟</p><p>莫非你 也孤独</p><p>爱加恨等于什么</p><p>你用多久忘了我</p><p>不好心的给了谁</p><p>反正是在几年内</p><p>总是会有点醉</p><p>不是爱比逻辑厉害</p><p>我们都要自由也要彼此的未来</p><p>这好奇怪</p><p>结局的状态</p><p>没时间摧坏</p><p>很久很久之后 会把来龙和去脉</p><p>写下来</p><p>我们会来读 爱这本书</p><p>怎样才会幸福 爱谁清楚</p><p>两颗心 在记录</p><p>从热到冷 多辛苦</p><p>Baby</p><p>我们会来读 爱这本书</p><p>哪个人先结束 爱 好残酷</p><p>到分开那一天</p><p>我才真正的领悟</p><p>莫非你也孤独</p><p>我们会来读 爱这本书</p><p>怎样才会幸福 爱谁清楚</p><p>两颗心 在记录</p><p>从热到冷 多辛苦</p><p>Baby</p><p>我们会来读 爱这本书</p><p>哪个人先结束 爱 好残酷</p><p>到分开那一天</p><p>我才真正的领悟</p><p>莫非你也孤独</p>', '爱是一本书.mp3', '20002', '30005', '40001');
INSERT INTO `song` VALUES ('60037', '第一个雅皮士', '03:24', '周耀辉', '梁翘柏', 'Ted Lo', '《第一个雅皮士》是香港流行男歌手 陈奕迅 的一首国语歌曲，由 周耀辉 作词， 梁翘柏 作曲，陈奕迅演唱。 收录于专辑《 认了吧 》中，发行于2007年04月24日。', '2007-04-24', '<p>第一个雅皮士 - 陈奕迅 (Eason Chan)</p><p>词：周耀辉</p><p>曲：梁翘柏</p><p>编曲：Ted Lo</p><p>走过巴黎 更想看看南美的古迹</p><p>给我做第一 我会特别努力</p><p>买了房子 更想放放北欧的设计</p><p>给我一个名字 我会特别有意思</p><p>One two three four five six seven eight</p><p>八八六十四 到处都是我的兄弟</p><p>Two three four five six seven eight nine</p><p>到处都是好东西</p><p>第一套 Amani 从此生活更美丽</p><p>第一辆小 Benz 从此有了新目的</p><p>第一个雅皮士 从此城市有了传奇</p><p>早知一切如此 看我会否开始</p><p>不做 boss 只要翻翻悠悠的杂志</p><p>给我做第一我会帮你决定</p><p>不做战士只要两辆讲究的飞机</p><p>给我一个名字 我会带你做自己</p><p>One two three four five six seven eight</p><p>八八六十四 到处都是我的兄弟</p><p>Two three four five six seven eight nine</p><p>到处都是好东西</p><p>第一套 Amani 从此生活更美丽</p><p>第一辆小 Benz 从此有了新目的</p><p>第一个雅皮士 从此城市有了传奇</p><p>早知一切如此 看我会否开始</p><p>嘘</p><p>One two three four five six seven eight</p><p>八八六十四 到处都是我的兄弟</p><p>Two three four five six seven eight nine</p><p>到处都是好东西</p><p>第一套 Amani 从此生活更美丽</p><p>第一辆小 Benz 从此有了新目的</p><p>第一个雅皮士 从此城市有了传奇</p><p>早知一切如此 看我</p><p>第一瓶 Morganti 从此生活更美丽</p><p>第一场苏富比 从此有了新目的</p><p>第一个雅皮士 从此城市有了传奇</p><p>早知 一切如此 看我会否开始</p>', '第一个雅皮士.mp3', '20002', '30005', '40001');
INSERT INTO `song` VALUES ('60038', '白色球鞋', '04:38', '姚谦', '陈奕迅', 'C.Y.Kong', '《白色球鞋》是由姚谦作词，陈奕迅和C.Y.KONG作曲，陈奕迅演唱的一首歌曲，收录在专辑《认了吧》中,这首歌是一首流行风格的歌曲', '2007-04-24', '<p>白色球鞋 - 陈奕迅 (Eason Chan)</p><p>词：姚谦</p><p>曲：陈奕迅/C.Y.Kong</p><p>编曲：C.Y.Kong</p><p>到一定年纪总算明白美好的事物</p><p>好像大部分都在青春时候发生</p><p>那天无意中翻出了</p><p>那双发黄的白色球鞋</p><p>依然还有心跳温度</p><p>和她一起走过这城市许多的路</p><p>她总低着头听我的梦和心事</p><p>那一天笑着对我说</p><p>随我的白球鞋的脚步</p><p>好像可以走到幸福</p><p>忽然她让我感觉 自己已不再孤独</p><p>可以在未知的明天去建筑</p><p>美好青春的爱情 和曾经走过的路</p><p>变迁城市 换成另一种面目</p><p>如今大了 那样感动难重复</p><p>幸福和那双球鞋放记忆最深处</p><p>这保留却又忘了的初恋纪念物</p><p>在经历几次恋爱后重新回顾</p><p>爱还依然清晰在梦中</p><p>让当时的街灯和书</p><p>有许多已不知去处</p><p>想起来我然感觉</p><p>曾经自己不孤独</p><p>你是否已走到你要的幸福</p><p>美好青春的爱情 和曾经走过的路</p><p>变迁城市 换成另一种面目</p><p>如今大了 那样感动难重复</p><p>幸福和那双球鞋放记忆最深处</p><p>当年的我还懂保留失落的爱情遗物</p><p>究其爱情现在想起却面目模糊</p><p>只剩唏嘘感触 美好青春的爱情</p><p>和曾经走过的路 变迁城市</p><p>换成另一种面目</p><p>如今大了 那种感动难重复</p><p>幸福和那双球鞋放记忆最深处</p>', '白色球鞋.mp3', '20002', '30005', '40001');
INSERT INTO `song` VALUES ('60039', '绅士', '04:50', '薛之谦', '薛之谦', '薛之谦', '《绅士》是薛之谦创作并演唱的歌曲，收录在薛之谦2015年EP《绅士》中。', '2015-06-05', '<p>绅士 - 薛之谦</p><p>词：薛之谦</p><p>曲：薛之谦</p><p>好久没见了什么角色呢</p><p>细心装扮着</p><p>白色衬衫的袖扣是你送的</p><p>尽量表现着像不在意的</p><p>频繁暴露了自欺欺人者</p><p>越掩饰越深刻</p><p>你说我说听说</p><p>忍着言不由衷的段落</p><p>我反正决定自己难过</p><p>我想摸你的头发</p><p>只是简单的试探啊</p><p>我想给你个拥抱</p><p>像以前一样可以吗</p><p>你退半步的动作认真的吗</p><p>小小的动作伤害还那么大</p><p>我只能扮演个绅士</p><p>才能和你说说话</p><p>我能送你回家吗</p><p>可能外面要下雨啦</p><p>我能给你个拥抱</p><p>像朋友一样可以吗</p><p>我忍不住从背后抱了一下</p><p>尺度掌握在不能说想你啊</p><p>你就当刚认识的绅士</p><p>闹了个笑话吧</p><p>尽量表现着善解人意的</p><p>频繁暴露了不欲人知的</p><p>越掩饰越深刻</p><p>想说听说别说</p><p>忍着言不由衷的段落</p><p>我反正注定留在角落</p><p>我想摸你的头发</p><p>只是简单的试探啊</p><p>我想给你个拥抱</p><p>像以前一样可以吗</p><p>你退半步的动作认真的吗</p><p>小小的动作伤害还那么大</p><p>我只能扮演个绅士</p><p>才能和你说说话</p><p>我能送你回家吗</p><p>可能外面要下雨啦</p><p>我能给你个拥抱</p><p>像朋友一样可以吗</p><p>我忍不住从背后抱了一下</p><p>尺度掌握在不能说想你啊</p><p>你就当刚认识的绅士</p><p>闹了个笑话吧</p><p>你能给我只左手</p><p>牵你到马路那头吗</p><p>我会像以前一样</p><p>看着来往的车子啊</p><p>我们的距离在眉间皱了下</p><p>迅速还原成路人的样子啊</p><p>越有礼貌我越害怕</p><p>绅士要放得下</p>', '绅士.mp3', '20003', '30006', '40001');
INSERT INTO `song` VALUES ('60040', '演员', '04:21', '薛之谦', '薛之谦', '郑伟/张宝宇', '薛之谦的情歌，听着总是让人不由的纠结和悲伤。《演员》以平白的文字续写深情伤感，歌词以男生的视角对女生倾诉：既然不再爱了，就要坦荡的表达。延续以往悲伤情歌路线，薛之谦再一次用歌曲诠释出爱恨纠葛的爱情寓言。', '2015-06-05', '<p>演员 - 薛之谦</p><p>词：薛之谦</p><p>曲：薛之谦</p><p>编曲：郑伟/张宝宇</p><p>制作人：赵英俊</p><p>合声：赵英俊</p><p>录音师：王晓海</p><p>混音师：鲍锐</p><p>母带处理工程师：鲍锐</p><p>简单点</p><p>说话的方式简单点</p><p>递进的情绪请省略</p><p>你又不是个演员</p><p>别设计那些情节</p><p>没意见</p><p>我只想看看你怎么圆</p><p>你难过的太表面</p><p>像没天赋的演员</p><p>观众一眼能看见</p><p>该配合你演出的我演视而不见</p><p>在逼一个最爱你的人即兴表演</p><p>什么时候我们开始收起了底线</p><p>顺应时代的改变看那些拙劣的表演</p><p>可你曾经那么爱我干嘛演出细节</p><p>我该变成什么样子才能延缓厌倦</p><p>原来当爱放下防备后的这些那些</p><p>才是考验</p><p>没意见</p><p>你想怎样我都随便</p><p>你演技也有限</p><p>又不用说感言</p><p>分开就平淡些</p><p>该配合你演出的我演视而不见</p><p>别逼一个最爱你的人即兴表演</p><p>什么时候我们开始没有了底线</p><p>顺着别人的谎言被动就不显得可怜</p><p>可你曾经那么爱我干嘛演出细节</p><p>我该变成什么样子才能配合出演</p><p>原来当爱放下防备后的这些那些</p><p>都有个期限</p><p>其实台下的观众就我一个</p><p>其实我也看出你有点不舍</p><p>场景也习惯我们来回拉扯</p><p>还计较着什么</p><p>其实说分不开的也不见得</p><p>其实感情最怕的就是拖着</p><p>越演到重场戏越哭不出了</p><p>是否还值得</p><p>该配合你演出的我尽力在表演</p><p>像情感节目里的嘉宾任人挑选</p><p>如果还能看出我有爱你的那面</p><p>请剪掉那些情节让我看上去体面</p><p>可你曾经那么爱我干嘛演出细节</p><p>不在意的样子是我最后的表演</p><p>是因为爱你我才选择表演</p><p>这种成全</p>', '演员.mp3', '20003', '30006', '40001');
INSERT INTO `song` VALUES ('60041', '下雨了', '05:05', '薛之谦', '薛之谦', '张宝宇', '《下雨了》是由薛之谦作词作曲并演唱的一首歌曲，收录在薛之谦EP《绅士》中。', '2015-06-05', '<p>下雨了 - 薛之谦</p><p>词：薛之谦</p><p>曲：薛之谦</p><p>编曲：张宝宇</p><p>制作人：赵英俊</p><p>配唱制作人：赵英俊</p><p>录音师：王晓海</p><p>混音师：鲍锐</p><p>母带处理工程师：鲍锐</p><p>偷偷的下雨的时候月亮偷偷的</p><p>慢慢的街上的人群慢慢安静了</p><p>我在想你可以不必掩饰了</p><p>那雨会停的就随你去了</p><p>雨还在下像在说话</p><p>他敲我的窗叮叮当当</p><p>恋爱的季节勉强不如放下</p><p>雨还在下你听得见吗</p><p>是我的思念滴滴答答</p><p>滴入你的心就会想起我</p><p>雨还在下像在寻你</p><p>它敲我的窗说找不到你</p><p>这样的季节就会特别想你</p><p>雨还在下你仔细听啊</p><p>是我的思念滴滴答答</p><p>滴入你的心告诉你我在想你</p><p>远远的无关的人不经意逃避着</p><p>轻轻的像不像话题被谁提起了</p><p>怎么会没人记得是不是我疯了</p><p>那雨别停了能否算爱着</p><p>雨还在下像在说话</p><p>他敲我的窗叮叮当当</p><p>恋爱的季节勉强不如放下</p><p>雨还在下你听得见吗</p><p>是我的思念滴滴答答</p><p>滴入你的心就会想起我</p><p>雨还在下像在寻你</p><p>它敲我的窗说找不到你</p><p>这样的季节就会特别想你</p><p>雨还在下你仔细听啊</p><p>是我的思念滴滴答答</p><p>还能去屋檐下等你吗</p>', '下雨了.mp3', '20003', '30006', '40001');
INSERT INTO `song` VALUES ('60042', '天外来物', '04:17', '薛之谦', '罗小黑', '罗小黑', '《天外来物》是薛之谦个人第十一张专辑，是薛之谦一年一张专辑企划的第四张专辑，单曲在一年间陆续发布，最终于2020年12月31日完成发行。 专辑以爱情为主题，收录了十首关于爱情不同方面的歌曲，分别代表着”余憾“、”失意“、”暗黑“、”高甜“、”问爱“、”感怀“等主题 [1] ', '2020-12-31', '<p>天外来物 - 薛之谦</p><p>词：薛之谦</p><p>曲：罗小黑</p><p>你降落的 太突然了</p><p>我刚好呢 又路过了</p><p>机会难得 又主观觉得</p><p>想明抢 又碰不得</p><p>你带来了 我的快乐</p><p>让这世界 有点颜色</p><p>我好想指责 你太随意了</p><p>宝物该有人捧着 你是不是我的</p><p>你像 天外来物一样 求之不得</p><p>你在世俗里的名字 不重要了</p><p>正好 我隐藏的人格是契而不舍</p><p>直到蜂拥而至的人都透明了</p><p>我在 不近又不远处</p><p>用明天换你 靠近我</p><p>你占领了 我的快乐</p><p>和这世界 已没有瓜葛</p><p>任事物干渴 都褪去颜色</p><p>只有你是天蓝色 我开始找你了</p><p>会像 天外来物一样 失而复得</p><p>你在世俗里的名字 被人用了</p><p>反正 我隐藏的人格是契而不舍</p><p>直到蜂拥而至的人都透明了</p><p>我在 不近又不远处</p><p>用明天换你 靠近我</p><p>你就像 天外来物一样 求之不得</p><p>我在世俗里的描写被取笑了</p><p>反正我隐藏的人格是非你不可</p><p>直到别有用心的人都透明了</p><p>我在 不近又不远处</p><p>用明天换你 靠近我</p><p>制作人：周以力/郑伟</p><p>编曲：周以力</p><p>吉他：张淞</p><p>大提琴：郎莹</p><p>鼓：褚伟明</p><p>bass：努而德柯</p><p>人声录制：郑伟/夏之炜/吴身宝</p><p>人声编辑：郑伟</p><p>人声录音棚：上海广播大厦200studio</p><p>乐器录音棚：soundhub studio</p><p>混音：全相彦 @OK master studio</p><p>母带：全相彦 @OK master studio</p>', '天外来物.mp3', '20003', '30007', '40001');
INSERT INTO `song` VALUES ('60043', '迟迟', '04:15', '子望', '薛之谦', '周以力', '薛之谦余憾单曲《迟迟》正式上线，歌曲由子望作词，薛之谦再度合作知名音乐人周以力作曲，歌曲表达的情绪依然是爱情之中的遗憾与求之不得，歌词是一大亮点，当薛之谦唱出“你迟迟没到场/我最擅长的失望/我走的很慢/和离开你时一样”的时候，我们仿穿越时空来到当年，心痛地看着昔日那个傻气的自己缓缓离开…', '2020-12-31', '<p>迟迟 - 薛之谦</p><p>词：子望</p><p>曲：薛之谦/周以力</p><p>熙熙攘攘 天越亮越紧张</p><p>还没到场 似你平时一样</p><p>人来人往 我等你逆着光</p><p>出嫁衣裳 配你爱的淡妆</p><p>我百计千方 怕美梦不长</p><p>笑我请 当场</p><p>都沸沸扬扬 你一定在彩云上</p><p>耳朵先撒了谎 是你靠近的声响</p><p>来探我梳妆的模样 我着白纱登场</p><p>和你希望的一样 我走的很慢</p><p>像你在对面一样</p><p>关于我俩 连分开都很长</p><p>旧友到场 带遗憾的探望</p><p>我百计千方 不受你影响</p><p>笑我请 到场</p><p>别惹我独往 再陪你东飘西荡</p><p>耳朵先撒了谎 是你靠近的声响</p><p>来探我梳妆的模样 我着白纱登场</p><p>和你希望的一样 我走的很慢</p><p>像你在对面一样</p><p>我怎么都是余光 你是否背靠着墙</p><p>你别为我疯狂 我知道你不擅长</p><p>耳朵先撒了谎 是你寻我的声响</p><p>我可以再爱你一趟 你迟迟没到场</p><p>我最擅长的失望</p><p>我走的很慢 和离开你时一样</p><p>制作人：周以力</p><p>编曲：周以力</p><p>吉他：张凇</p><p>贝斯：陈然然</p><p>鼓：尹森</p><p>配唱制作：郑伟</p><p>弦乐四重奏：庞阔/张琴/李辉/郎莹</p><p>弦乐团：国际首席爱乐乐团</p><p>弦乐监制：王登辉</p><p>和音：薛之谦/梅畅</p><p>音频编辑：黎子琨</p><p>人声录音：严若晨@SoundProStudio</p><p>乐器录音：黎子琨/姜皓天/吴理文@21A studio</p><p>混音：赵靖@SBMS</p><p>母带：全相彦@okmaster</p>', '迟迟.mp3', '20003', '30007', '40001');
INSERT INTO `song` VALUES ('60044', '把你揉碎捏成苹果', '03:35', '方毅', '方毅', '方毅', '薛之谦全新单曲《把你揉碎捏成苹果》正式上线，歌曲由知名音乐人方毅创作并担纲制作，这也是继《那是你离开了北京的生活》后薛之谦与方毅再度合作，编曲婉转柔和，缓缓流淌的钢琴与低沉平缓的弦乐，构成空气里静谧真实的情绪浓度，给你有恃无恐的特权，将自己困在你制造的旋窝不舍得挣脱，甘愿做你的前科。', '2020-12-31', '<p>把你揉碎捏成苹果 - 薛之谦</p><p>词：方毅</p><p>曲：方毅</p><p>别再从我身边走过</p><p>这里已经是片沙漠</p><p>没有欲望让你解渴</p><p>怪谁呢</p><p>我就当你从没来过</p><p>渐渐掉入这个旋窝</p><p>把你揉碎捏成苹果 毒死我</p><p>我还 被你的双手反锁</p><p>还没轮到我</p><p>你解脱了下一个</p><p>不断去拉扯</p><p>多痛不嫌多</p><p>余热一把将我烧成了 野火</p><p>做你的前科</p><p>我还 被你的双手反锁</p><p>可还没轮到我</p><p>你解脱了下一个</p><p>不断去拉扯</p><p>多痛不嫌多</p><p>余热一把将我烧成了 野火</p><p>做你的前科</p><p>别再从我身边走过</p><p>这里已经是片沙漠</p><p>没有欲望让谁解渴 都怪我</p><p>制作人：方毅</p><p>编曲：陈牧荻</p><p>监唱：周品</p><p>管弦乐编写：陈牧荻</p><p>单簧管：吴丹</p><p>大提琴：郎莹</p><p>管弦乐监制：胡静成</p><p>弦乐团：国际首席爱乐乐团</p><p>管弦乐录音师：王小四 @金田录音棚</p><p>人声录音师：何彦霄 @SBMS Beijing</p><p>混音师：赵靖 @SBMS Beijing</p><p>母带工程师：赵靖 @SBMS Beijing</p>', '把你揉碎捏成苹果.mp3', '20003', '30007', '40001');
INSERT INTO `song` VALUES ('60045', '野心', '03:40', '薛之谦', '薛之谦', '薛之谦', '薛之谦作词作曲并演唱的歌曲，发行于2020年12月11日，收录于同名专辑《野心》中，是电影《缉魂》推广曲', '2020-12-31', '<p>野心 - 薛之谦</p><p>词：薛之谦</p><p>曲：薛之谦</p><p>欢迎你误入这片狼籍的森林</p><p>规则是为了片净土去拼命</p><p>用纯白的纱 遮住扭捏的野心</p><p>看 过了河 有美丽的繁星</p><p>已交出我勇敢的皮肉作指引</p><p>求浑浊的泉水再赐我次生命</p><p>我们还算干净</p><p>至少都挥霍过良心</p><p>我望着你 不肯后退的眼睛</p><p>也不确定 自己代表了光明</p><p>在黑暗里 我们不需要怜悯</p><p>在正义里 有回答不了的问题</p><p>都想用迫切的心换片龙鳞</p><p>越众矢之的越容易一举成名</p><p>已看得见归途为何还要前进</p><p>再 切掉一点良心换一点野心</p><p>我望着你 走投无路的眼睛</p><p>也不确定 自己代表了光明</p><p>在黑暗里 都不需要怜悯</p><p>在正义里 有回答不了的问题</p><p>我怀疑你 熙熙攘攘的正义</p><p>却放过你 不再还手的身体</p><p>在原则里 我必须胜过你</p><p>在对手里 你算可敬的宿敌</p><p>编曲：宋涛</p><p>制作人：宋涛</p><p>吉他：宋睿/宋涛</p><p>贝斯：韩阳</p><p>鼓：李彦超</p><p>和音：薛之谦/宋涛</p><p>乐器录音：王辰@ShiCong Fatnunu Studio</p><p>录音助理：孙炜祁@ShiCong Fatnunu Studio</p><p>人声录音：汝文博@SBMS Beijing Studio</p><p>混音：李军</p><p>母带：全相彦</p>\r\n', '野心.mp3', '20003', '30007', '40001');
INSERT INTO `song` VALUES ('60046', '彩券', '04:35', '郭冠廷', '郭冠廷', '郭冠廷', '薛之谦第十一张专辑高甜单曲《彩券》正式上线，歌曲由音乐人郭冠廷创作，旋律柔和萦绕，编曲以吉他和键盘为基调，铺排温馨甜蜜的情感氛围，歌词充盈平淡的惊喜，将情绪以日常而俏皮的方式呈现，诠释怦然入心的浪漫邂逅。', '2020-12-31', '<p>彩券 - 薛之谦</p><p>词：郭冠廷</p><p>曲：郭冠廷</p><p>在我遇见你以前</p><p>也拥有过完整的睡眠</p><p>我中过最惊喜的彩券</p><p>就是在那天我进了那间</p><p>便利店</p><p>你碰巧没有带钱</p><p>手机也刚好没电</p><p>和全宇宙都失联</p><p>是不是你本命年</p><p>我平常不会搭讪</p><p>别拿我当作惯犯</p><p>纯粹是缘分使然</p><p>安排你搭我顺风车</p><p>一段</p><p>交通很拥挤 但天气晴</p><p>你说你最喜欢 沙滩</p><p>说着眼睛也弯了起来</p><p>在我遇见你以前</p><p>也拥有过完整的睡眠</p><p>我中过最惊喜的彩券</p><p>是第二天的未接来电</p><p>怎么办</p><p>转眼已经两年半</p><p>浪漫还是没花完</p><p>翻一翻我的instagram</p><p>欧洲非洲都有你陪着</p><p>Hey sweetie baby 拜托</p><p>告诉我这是真的</p><p>你不会像仙女一样报完恩就飞走吧</p><p>好傻</p><p>因为我不信这世界</p><p>有谁能配得上 你啊</p><p>却又害怕你真的回答</p><p>在我遇见你以前</p><p>总以为爱不能太表面</p><p>Baby I\'ve gotta say this again</p><p>Oh I love you 我要说一百遍</p><p>在我遇见你以前</p><p>也拥有过完整的睡眠</p><p>我中过最惊喜的彩券</p><p>就是这一夜梦里有你出现</p><p>在我遇见你以前</p><p>在我的梦里出现</p><p>在我遇见你以前</p><p>在我</p><p>在我</p><p>在我</p><p>遇见你以前</p><p>制作人：郭冠廷</p><p>编曲：郭冠廷/闫实@录顶技Studios</p><p>键盘：汪轼晔</p><p>贝斯：崔文正</p><p>木吉他：宋宇/闫实@录顶技Studios</p><p>电吉他：郭冠廷</p><p>和声：郭冠廷/小鱼</p><p>录音师：汝文博@SBMS Beijing</p><p>混音师：鲍锐@录顶技Studios</p><p>母带：全相彦@OKmastering Studio</p>\r\n', '彩券.mp3', '20003', '30007', '40001');
INSERT INTO `song` VALUES ('60047', '不爱我', '04:24', '薛之谦', '王圆坤', '王圆坤', '介绍： 《不爱我》是薛之谦演唱的悲伤情歌，诠释了爱情里的苦涩。', '2020-12-31', '<p>不爱我 - 薛之谦</p><p>词：薛之谦</p><p>曲：王圆坤/薛之谦</p><p>你像多轻易就能吸引我</p><p>不紧抱不挣脱你的俘获</p><p>比较像我 可以接受点折磨</p><p>也不喜欢示弱</p><p>你会多隆重的来邀请我</p><p>不追问不揭穿你的冷漠</p><p>快透支我 感情最后要挥霍</p><p>越停顿越难过</p><p>我听过 你爱不爱你爱 不爱我</p><p>我问过 你要不要你要 不要我</p><p>我忘了</p><p>你说没说你说爱着我还是厌倦我</p><p>哪句多</p><p>你隔多久会招惹新的我</p><p>自己问自己答一些如果</p><p>快耗尽我 一种反复的折磨</p><p>在你附近存活</p><p>我听过 你爱不爱你爱 不爱我</p><p>我问过 你要不要你要 不要我</p><p>我忘了</p><p>你说没说你说爱着我还是厌倦我</p><p>哪句多</p><p>我听过 你爱不爱你爱 不爱我</p><p>我问过 你要不要你要 不要我</p><p>我试过 好说歹说都不再会有效果</p><p>原来你 不爱我</p><p>制作人：陈牧荻</p><p>编曲：陈牧荻</p><p>弦乐编写：陈牧荻/王小嫚</p><p>合音：王小嫚/陈牧荻</p><p>弦乐团：国际首席爱乐乐团</p><p>录音师：王晓海@录顶技Studios./洪士诚@录顶技Studios/郑昊杰@2496 Top Studios.</p><p>录音助理：少天@录顶技Studios</p><p>混音师：杨祎@Raysound Studio</p><p>母带：全相彦@OKmastering Studio</p>', '不爱我.mp3', '20003', '30007', '40001');
INSERT INTO `song` VALUES ('60048', '潘金莲', '04:55', '赵英俊', '赵英俊', '赵英俊', 'Baidu Baike\r\n薛之谦美学单曲《潘金莲》，由薛之谦好友兼音乐人赵英俊作词作曲并担纲制作人，编曲结构丰盈，以吉他、贝斯为基调，融入中国传统乐器二胡，营造暗调氛围，悬疑感侵入，与摇滚风格交相映成彰，充满悲剧色彩。', '2020-12-31', '<p>潘金莲 - 薛之谦</p><p>词：赵英俊</p><p>曲：赵英俊</p><p>三更的时针</p><p>灼热的体温</p><p>生不逢时的天份</p><p>良人的戏份</p><p>无辜的托衬</p><p>负心多是读书人</p><p>痴心能穿针</p><p>万箭能穿心</p><p>习惯是恨的延伸</p><p>前世的象征</p><p>后世的衍生</p><p>不由分说的嫉恨</p><p>留一扇难掩的门</p><p>赊余生换一个亲吻</p><p>我愿意出卖的灵魂</p><p>比你的目光还要冰冷</p><p>涂一抹腥红的唇</p><p>比刀割都更像伤痕</p><p>撕碎我所有的信任</p><p>每滴血都见证我生存</p><p>有一天我会变得完整</p><p>怎样痛我都愿意牺牲</p><p>痴心能穿针</p><p>万箭能穿心</p><p>习惯是恨的延伸</p><p>前世的象征</p><p>后世的衍生</p><p>不由分说的嫉恨</p><p>留一扇难掩的门</p><p>赊余生换一个亲吻</p><p>我愿意出卖的灵魂</p><p>比你的目光还要冰冷</p><p>涂一抹腥红的唇</p><p>比刀割都更像伤痕</p><p>撕碎我所有的信任</p><p>每滴血都见证我生存</p><p>有一天我会变得完整</p><p>怎样痛我都愿意牺牲</p><p>怎样痛我都愿意牺牲</p><p>制作人：赵英俊</p><p>编曲：毕赫宸</p><p>吉他：毕赫宸</p><p>贝斯：毕赫宸</p><p>二胡：李潇蓉</p><p>配唱制作人：丁爽/毕赫宸</p><p>人声录音室：北京录顶技</p><p>二胡录音室：北京好听音乐</p><p>合音：丁爽</p><p>混音：赵靖@SBMS Beijing</p><p>母带：赵靖@SBMS Beijing</p>', '潘金莲.mp3', '20003', '30007', '40001');
INSERT INTO `song` VALUES ('60049', '耗尽', '04:19', '薛之谦', '郭聪明', '刘凤瑶', '《耗尽》是由薛之谦作词，郭聪明谱曲，薛之谦、郭聪明演唱的歌曲，收录于同名专辑《耗尽》中。. 该歌曲于2020年11月27日发行。. 编曲上层层递进，渐次展开，钢琴铺陈了充满故事感的氛围，强烈的鼓点再直击内心，旋律声入耳，情愫渐涌动。. 反复审视自我，我们放肆生长，“耗尽”那刻，只想回去曾经的地方。. 在演唱方面，薛之谦与郭聪明每人一句的方式，好似是一对好友的深夜对话，二人都展现了自己嗓音中的独特气质， ... 一开口便充满了诉说感，娓娓道来。. 那些关于理想的热情，也许早在成长的路上被耗尽，到最后抬头望不见远方，回首看不见月亮，我们开始许虔诚的愿望，攒违心的鼓掌。. 无奈和无助交织，过客和过往道别', '2020-12-31', '<p>耗尽 - 薛之谦/郭聪明</p><p>词：薛之谦</p><p>曲：郭聪明</p><p>制作人：刘凤瑶</p><p>编曲：刘凤瑶</p><p>吉他：Juno Heo@Finn music 刘凤瑶</p><p>录音：王晓海</p><p>录音室：@录顶技术studios</p><p>混音：蒋柽@Finn music</p><p>母带：全相彦</p><p>薛：</p><p>我好像 很擅长 自己去某个地方</p><p>跟着光 路很长 临走时也会回头望</p><p>郭：</p><p>醉一场 天一亮 我们又人模狗样</p><p>夜一深 哭一场 每次能缓解点疯狂</p><p>薛：</p><p>我们放肆的生长 只为了能回去一趟</p><p>能回到 惹一位姑娘她最后落泪的地方</p><p>许便宜糕点的愿望 撒闭眼前想好的谎</p><p>都不甘心的打发着 一层初妆wu</p><p>郭：</p><p>我们要不回理想 还耗尽了归途的光</p><p>一直到 寻你的姑娘认不出了你的模样</p><p>借巨塔许愿望 攒违心的鼓掌</p><p>请迷恋我 一身假象</p><p>郭：</p><p>都好像 很擅长 让自己困在远方</p><p>薛：</p><p>纸一张 字一脏 藏着我无畏的模样</p><p>郭：</p><p>我们 放肆的生长 只为了能回去一趟</p><p>能回到 惹一位姑娘她最后落泪的地方</p><p>许便宜糕点的愿望 撒闭眼前想好的谎</p><p>都不甘心的打发着 一层初妆wu</p><p>薛：</p><p>我们要不回理想 还耗尽了归途的光</p><p>一直到 寻你的姑娘认不出了你的模样</p><p>借巨塔许愿望 攒违心的鼓掌</p><p>请迷恋我 一身</p><p>合：</p><p>我们最后的下场 是对着谁念念不忘</p><p>一直到 耗尽了等你的姑娘也不知去向</p><p>谁完成我愿望 谁模仿你初妆</p><p>谁像我们来时一样</p>\r\n', '耗尽.mp3', '20003', '30007', '40001');
INSERT INTO `song` VALUES ('60050', '小尖尖', '03:55', '薛之谦', '朱莉叶', '郑伟', '《小尖尖》是薛之谦和韩红合作演唱的歌曲，发行于2020年8月，收录专辑天外来物，歌词表达了谦谦公子对过去简单纯真爱情的怀念和向往，以及对现在物欲快餐式爱情的困惑和厌倦', '2020-12-31', '<p>小尖尖 - 韩红/薛之谦</p><p>词：薛之谦</p><p>曲：朱莉叶/薛之谦</p><p>制作人：朱莉叶/郑伟</p><p>编曲：郑伟</p><p>人声录制：姜龙（Hong music studio）</p><p>人声编辑：郑伟/薛之谦</p><p>混音：阿烈（soundhub studio）</p><p>母带制作：全相彦（OK master studio）</p><p>薛：</p><p>都心照不宣</p><p>多少有些遮掩</p><p>为泛情的季节</p><p>还在拼凑些条件</p><p>爱躲在老街</p><p>不愿让人发现</p><p>复古得惹人嫌</p><p>它怀念</p><p>单车的季节</p><p>韩：</p><p>看月牙漏出小尖尖</p><p>会约在哪里见面</p><p>没电话的从前</p><p>奔跑只因思念</p><p>别打扰树影的聊天</p><p>给他们多些时间</p><p>从犹豫到相恋</p><p>先别让人发现</p><p>薛：</p><p>爱阴晴圆缺</p><p>好像有了区别</p><p>像找不到原件</p><p>所以我们都走不远</p><p>都题材有限</p><p>也不是很理解</p><p>为何写满背面</p><p>来描写一张旧照片</p><p>韩：</p><p>看月牙漏出小尖尖</p><p>怎么你还没有出现</p><p>不问不看时间</p><p>站在小雨里面</p><p>别偷偷拆开那信件</p><p>落笔的人红了脸</p><p>你会踮起脚尖</p><p>还是消失不见</p><p>韩：</p><p>别打扰那些美好画面</p><p>薛：</p><p>我们经不起考验</p><p>合：</p><p>在霓虹雨里面</p><p>伞里都是恩怨</p><p>我口袋只剩玫瑰一片</p><p>此行又山高路远</p><p>问私奔多少年</p><p>韩：</p><p>能舍弃这世界</p>', '小尖尖.mp3', '20003', '30007', '40001');
INSERT INTO `song` VALUES ('60051', '纸船', '04:07', '薛之谦', '薛之谦', '薛之谦', '《纸船》由薛之谦一人包揽词曲创作，歌词唯美诗意，编曲气魄充盈，旋律清澈悠扬，将万千情绪化为悠悠流淌的天高云淡、清阔辽远，千绕千回不见你我，唯闻天籁之音吟唱出心涛骇浪', '2020-12-31', '<p>纸船 - 薛之谦/郁可唯</p><p>词：薛之谦</p><p>曲：薛之谦</p><p>女：</p><p>等待埋在小镇的湖边</p><p>白色纸船漂泊着思念</p><p>灯火阑珊海的另一面</p><p>在红色水塔刻破了指尖</p><p>男：</p><p>看小舟翻涌 笑你多平庸</p><p>像风筝被人扯入了低空</p><p>我面带笑容 留离人的瞳孔</p><p>那光点越多故事越生动</p><p>男：</p><p>像月亮在弯弯的笑着</p><p>惋惜灯塔在海浪里碎了</p><p>我把隔绝我们的称作银河 全是蓝色</p><p>女：</p><p>像海底建起了护城河</p><p>等着纸船上的字不见了</p><p>总要有一个人先不记得</p><p>听 另一个说着</p><p>男：</p><p>凡被人猜中 结局都失宠</p><p>你特别感动 别人嫌平庸</p><p>合：</p><p>像作者糊弄 下无力的笔锋</p><p>写船在湖面 纸鹤在空中</p><p>男：</p><p>像月亮在弯弯的笑着</p><p>惋惜灯塔在海浪里碎了</p><p>我把隔绝我们的称作银河 全是蓝色</p><p>女：</p><p>可海底建起了护城河</p><p>把纸船上的字全擦了</p><p>请让一个人先不记得</p><p>另一个别说了</p><p>合：</p><p>将不舍藏在字里间隔</p><p>可惜我（你）是个平庸的作者</p><p>不管你（我）怎么形容剩下那个</p><p>也不见得</p><p>合：</p><p>别描写我未完的承诺</p><p>别读解我暗涌的烟火</p><p>别让纸船狂浪里寻我</p><p>别失去过才知是你我</p><p>制作：郑伟</p><p>编曲：郑伟</p><p>吉他：王山</p><p>和音：薛之谦/郁可唯/孟楠</p><p>人声录音：郭舒文（bigj studio）</p><p>混音：赵靖（bigj studio）</p><p>母带：全相彦（OK studio）</p>', '纸船.mp3', '20003', '30007', '40001');
INSERT INTO `song` VALUES ('60052', '如果当时', '05:16', '许嵩', '许嵩', '许嵩', '《如果当时》是许嵩首张个人专辑《自定义》的一首主打歌曲，创作工作均由许嵩独自完成。这首歌是一首构思独特的养耳之作，具有浓厚的中国风味道。', '2009-01-10', '<p>如果当时 - 许嵩</p><p>词：许嵩</p><p>曲：许嵩</p><p>编曲：许嵩</p><p>为什么 你当时对我好</p><p>又为什么 现在变得冷淡了</p><p>我知道 爱要走难阻挠</p><p>反正不是我的 我也不该要</p><p>你和我 曾经有共同爱好</p><p>谁的耳边 总有绝句在萦绕</p><p>我们俩 用文言文对话真的很搞笑</p><p>还笑那曹操贪慕着小乔</p><p>天灰了 雨坠了</p><p>视线要模糊了</p><p>此时感觉到你的重要</p><p>爱走了 心走了</p><p>你说你要走了</p><p>我为你唱最后的古谣</p><p>红雨瓢泼泛起了回忆怎么潜</p><p>你美目如当年 流转我心间</p><p>渡口边最后一面洒下了句点</p><p>与你若只如初见</p><p>何须感伤离别</p><p>你和我 曾经有共同爱好</p><p>谁的耳边 总有绝句在萦绕</p><p>我们俩 用文言文对话真的很搞笑</p><p>还笑那曹操贪慕着小乔</p><p>天灰了 雨坠了</p><p>视线要模糊了</p><p>此时感觉到你的重要</p><p>爱走了 心走了</p><p>你说你要走了</p><p>我为你唱最后的古谣</p><p>红雨瓢泼泛起了回忆怎么潜</p><p>你美目如当年 流转我心间</p><p>渡口边最后一面洒下了句点</p><p>与你若只如初见</p><p>何须感伤离别</p><p>红雨瓢泼泛起了回忆怎么潜</p><p>你美目如当年 流转我心间</p><p>渡口边最后一面洒下了句点</p><p>与你若只如初见</p><p>何须感伤离别</p><p>红雨瓢泼泛起了回忆怎么潜</p><p>你美目如当年 流转我心间</p><p>渡口边最后一面洒下了句点</p><p>与你若只如初见</p><p>何须感伤离别</p>', '如果当时.mp3', '20004', '30008', '40001');
INSERT INTO `song` VALUES ('60053', '多余的解释', '04:37', '许嵩', '许嵩', '许嵩', '《多余的解释》是许嵩演唱歌曲，由许嵩作词、作曲，收录在其2009年1月10日发行的专辑《自定义》中。多余的解释是许嵩的一首歌曲，很少有与这首歌听感类似的音乐作品。叙事歌词采用了完全口语的表述方式，一个酸酸的故事被Vae讲的有声有色。快速流动的旋律与Rap天衣无缝的衔接、Vae情绪内敛的轻唱、New R&amp;B的鼓点，都给人留下了深刻的印象。听后回味歌曲标题，亦发现是一语双关。', '2009-01-10', '<p>多余的解释 - 许嵩</p><p>词：许嵩</p><p>曲：许嵩</p><p>编曲：许嵩</p><p>那阵子我们的感情出了一些问题</p><p>可是我也不太清楚问题出在哪里</p><p>你面无表情的话语不剩多少意义</p><p>就当我求求你 给我一些说明</p><p>Ok 我猜你只是暂时的压抑心情</p><p>不再去追问你 多给你一些关心</p><p>打电话请你去看最新的电影</p><p>你说工作很忙要加班到夜里</p><p>Ooook 入冬了想给你买一条围巾</p><p>怕眼光不行</p><p>所以叫着紧跟潮流的妹妹和我一起</p><p>和妹妹说说笑笑</p><p>缓释最近糟糕心绪</p><p>在下一个转角却和你相遇</p><p>她只是我的妹妹</p><p>妹妹说紫色很有韵味</p><p>她只是我的妹妹</p><p>我在担心你是否误会</p><p>她只是我的妹妹</p><p>对这个解释你无所谓</p><p>你好像无所谓</p><p>我没有思想准备</p><p>看到你身旁还有一位</p><p>不知道他是谁</p><p>那阵子我们的感情出了一些问题</p><p>可是我也不太清楚问题出在哪里</p><p>你面无表情的话语不剩多少意义</p><p>就当我求求你 给我一些说明</p><p>入冬了想给你买一条围巾</p><p>怕眼光不行</p><p>所以叫着紧跟潮流的妹妹和我一起</p><p>和妹妹说说笑笑</p><p>缓释最近糟糕心绪</p><p>在下一个转角却和你相遇</p><p>她只是我的妹妹</p><p>妹妹说紫色很有韵味</p><p>她只是我的妹妹</p><p>我在担心你是否误会</p><p>她只是我的妹妹</p><p>对这个解释你无所谓</p><p>你好像无所谓</p><p>我没有思想准备</p><p>看到你身旁还有一位</p><p>不知道他是谁</p><p>紫色的围巾交到你手里</p><p>你放进包里 说句谢谢你</p><p>要加班的你却出现在这里</p><p>故事的结局不需要任何说明</p><p>她只是我的妹妹</p><p>妹妹说紫色很有韵味</p><p>她只是我的妹妹</p><p>我在担心你是否误会</p><p>她只是我的妹妹</p><p>对这个解释你无所谓</p><p>你不要那么无所谓</p><p>我没有思想准备</p><p>看到你身旁还有一位</p><p>不知道他是谁</p><p>她只是我的妹妹</p><p>妹妹说紫色很有韵味</p><p>她只是我的妹妹</p><p>我在担心你是否误会</p><p>我想你不要误会</p><p>她只是我的妹妹</p><p>对这个解释你无所谓</p><p>你不要那么无所谓</p><p>我没有思想准备</p><p>看到你身旁还有一位</p><p>不知道他是谁</p>', '多余的解释.mp3', '20004', '30008', '40001');
INSERT INTO `song` VALUES ('60054', '有何不可', '04:01', '许嵩', '许嵩', '许嵩', '《有何不可》是Vae(许嵩)首张个人专辑《自定义》主打歌曲，专辑首轮推荐曲《有何不可》歌词温暖人心而又俏皮，旋律线跳跃明快。Vae充满弹性的咬字，绝佳的律动感，一把什么都不在乎的懒懒的声音，诠释着“只想为你唱首歌，没有什么风格，为你放弃世界又有何不可”的大无畏年轻主义。', '2009-01-10', '<p>有何不可 - 许嵩</p><p>词：许嵩</p><p>曲：许嵩</p><p>编曲：许嵩</p><p>天空好想下雨</p><p>我好想住你隔壁</p><p>傻站在你家楼下</p><p>抬起头 数乌云</p><p>如果场景里出现一架钢琴</p><p>我会唱歌给你听</p><p>哪怕好多盆水往下淋</p><p>夏天快要过去</p><p>请你少买冰淇淋</p><p>天凉就别穿短裙</p><p>别再那么淘气</p><p>如果有时不那么开心</p><p>我愿意将格洛米借给你</p><p>你其实明白我心意</p><p>为你唱这首歌</p><p>没有什么风格</p><p>它仅仅代表着</p><p>我想给你快乐</p><p>为你解冻冰河</p><p>为你做一只扑火的飞蛾</p><p>没有什么事情是不值得</p><p>为你唱这首歌</p><p>没有什么风格</p><p>它仅仅代表着</p><p>我希望你快乐</p><p>为你辗转反侧</p><p>为你放弃世界有何不可</p><p>夏末秋凉里带一点温热</p><p>有换季的颜色</p><p>天空好想下雨</p><p>我好想住你隔壁</p><p>傻站在你家楼下</p><p>抬起头 数乌云</p><p>如果场景里出现一架钢琴</p><p>我会唱歌给你听</p><p>哪怕好多盆水往下淋</p><p>往下淋往下淋</p><p>夏天快要过去</p><p>请你少买冰淇淋</p><p>天凉就别穿短裙</p><p>别再那么淘气</p><p>如果有时不那么开心</p><p>我愿意将格洛米借给你</p><p>你其实明白我心意</p><p>为你唱这首歌</p><p>没有什么风格</p><p>它仅仅代表着</p><p>我想给你快乐</p><p>为你解冻冰河</p><p>为你做一只扑火的飞蛾</p><p>没有什么事情是不值得</p><p>为你唱这首歌</p><p>没有什么风格</p><p>它仅仅代表着</p><p>我希望你快乐</p><p>为你辗转反侧</p><p>为你放弃世界有何不可</p><p>夏末秋凉里带一点温热</p><p>为你解冻冰河</p><p>为你做一只扑火的飞蛾</p><p>没有什么事情是不值得</p><p>为你唱这首歌</p><p>没有什么风格</p><p>它仅仅代表着</p><p>我希望你快乐</p><p>为你辗转反侧</p><p>为你放弃世界有何不可</p><p>夏末秋凉里带一点温热</p><p>有换季的颜色</p>\r\n', '有何不可.mp3', '20004', '30008', '40001');
INSERT INTO `song` VALUES ('60055', '坏孩子', '04:05', '许嵩', '许嵩', '许嵩', '《坏孩子》是音乐人许嵩首张创作专辑《自定义》中的一首作品，作词作曲者许嵩，2009年1月10日发行。', '2009-01-10', '<p>坏孩子 - 许嵩</p><p>词：许嵩</p><p>曲：许嵩</p><p>编曲：许嵩</p><p>绝世的画</p><p>缺了角就会掉价</p><p>悄悄话说得太沙哑</p><p>气氛就会尴尬</p><p>你突然说想看大雪</p><p>现在却偏偏是夏天</p><p>你从来不爱打雨伞</p><p>喜欢我的白色衬衫</p><p>你当时说你很爱我</p><p>我偷偷以为是骗我</p><p>等到我相信了全部</p><p>你又说你爱上了他</p><p>你这坏孩子</p><p>不要不说话</p><p>没有眼泪要擦</p><p>就别揉眼了</p><p>你这坏孩子</p><p>没人怪你啊</p><p>爱本是自由的</p><p>我该承受这变化</p><p>绝世的画</p><p>缺了角就会掉价</p><p>悄悄话说得太沙哑</p><p>气氛就会尴尬</p><p>你突然说想看大雪</p><p>现在却偏偏是夏天</p><p>你从来不爱打雨伞</p><p>喜欢我的白色衬衫</p><p>你当时说你多爱我</p><p>我偷偷以为是骗我</p><p>等到我相信了全部</p><p>你又说你爱上他</p><p>你这坏孩子</p><p>不要不说话</p><p>没有眼泪要擦</p><p>就别揉眼了</p><p>你这坏孩子</p><p>没人怪你啊</p><p>爱本是自由的</p><p>我该承受着</p><p>你这坏孩子</p><p>不要不说话</p><p>没有眼泪要擦</p><p>就别揉眼了</p><p>你这坏孩子</p><p>没人怪你啊</p><p>爱本是自由的</p><p>我该承受这变化</p>', '坏孩子.mp3', '20004', '30008', '40001');
INSERT INTO `song` VALUES ('60056', '清明雨上', '03:39', '许嵩', '许嵩', '许嵩', '《清明雨上》是许嵩作词作曲并演唱的一首中国风歌曲，收录于许嵩发行的第一张音乐专辑《自定义》中。无论是从Vae发表于网路的《南山忆》还是《断桥残雪》，还是这首《清明雨上》，都可以窥见他对诗词古文娴熟的驾驭能力。这首复古歌曲的主题非常特别——悼亡。创作中Vae还吸收了朋友的修改意见，反复斟酌，制作历程蔓延2个多月，08年此歌发表于网络后传唱度极高。', '2009-01-10', '<p>清明雨上 - 许嵩</p><p>词：许嵩</p><p>曲：许嵩</p><p>编曲：许嵩</p><p>窗透初晓 日照西桥 云自摇</p><p>想你当年荷风微摆的衣角</p><p>木雕流金 岁月涟漪 七年前封笔</p><p>因为我今生挥毫只为你</p><p>雨打湿了眼眶 年年倚井盼归堂</p><p>最怕不觉泪已拆两行</p><p>我在人间彷徨 寻不到你的天堂</p><p>东瓶西镜放 恨不能遗忘</p><p>又是清明雨上 折菊寄到你身旁</p><p>把你最爱的歌来轻轻唱</p><p>远方有琴 愀然空灵 声声催天雨</p><p>涓涓心事说给自己听</p><p>月影憧憧 烟火几重 烛花红</p><p>红尘旧梦 梦断都成空</p><p>雨打湿了眼眶 年年倚井盼归堂</p><p>最怕不觉泪已拆两行</p><p>我在人间彷徨 寻不到你的天堂</p><p>东瓶西镜放 恨不能遗忘</p><p>又是清明雨上 折菊寄到你身旁</p><p>把你最爱的歌来轻轻唱</p><p>我在人间彷徨 寻不到你的天堂</p><p>东瓶西镜放 恨不能遗忘</p><p>又是清明雨上 折菊寄到你身旁</p><p>把你最爱的歌来轻轻唱</p>\r\n', '清明雨上.mp3', '20004', '30008', '40001');
INSERT INTO `song` VALUES ('60057', '城府', '03:19', '许嵩', '许嵩', '许嵩', '一首颇有韵味的作品，感情色彩中带着淡淡的忧伤和灰色调，暗涌的回忆与潜藏的自我调侃交替更迭，在情绪处理上有着超越年龄的成熟和细腻', '2009-01-10', '<p>城府 - 许嵩</p><p>词：许嵩</p><p>曲：许嵩</p><p>编曲：许嵩</p><p>你走之后 一个夏季熬成一个秋</p><p>我的书上你的正楷眉清目秀</p><p>一字一字宣告我们和平分手</p><p>好委婉的交流 还带一点征求</p><p>你已成风 幻化的雨下错了季候</p><p>明媚的眼眸里温柔化为了乌有</p><p>一层一层院墙把你的心困守</p><p>如果没法回头 这样也没不妥</p><p>你的城府有多深</p><p>我爱的有多蠢 是我太笨</p><p>还是太认真 幻想和你过一生</p><p>你的城府有多深</p><p>我爱的有多蠢 不想再问</p><p>也无法去恨 毕竟你是我最爱的人</p><p>曾经你的眼神 看起来那么单纯</p><p>嗯 指向你干净的灵魂</p><p>什么时候开始变得满是伤痕</p><p>戴上假面也好 如果不会疼</p><p>爱情这个世界 有那么多的悖论</p><p>小心翼翼不见得就获得满分</p><p>我们之间缺少了那么多信任</p><p>最后还是没有 打开那扇心门</p><p>你的城府有多深</p><p>我爱的有多蠢 是我太笨</p><p>还是太认真 幻想和你过一生</p><p>你的城府有多深</p><p>我爱的有多蠢 不想再问</p><p>也无法去恨 毕竟你是我最爱的人</p><p>我曾经苦笑着问过我自己</p><p>在某个夜里 卸下伪装的你</p><p>是不是也会哭泣</p><p>你的城府有多深</p><p>我爱的有多蠢 是我太笨</p><p>还是太认真 幻想和你过一生</p><p>你的城府有多深</p><p>我爱的有多蠢 不想再问</p><p>也无法去恨 毕竟你是爱过我的人</p>', '城府.mp3', '20004', '30008', '40001');
INSERT INTO `song` VALUES ('60058', '认错', '04:35', '许嵩', '许嵩', '许嵩', '《认错》是由 许嵩 作词作曲并演唱的歌曲。 该曲收录于2009年1月10日发行的专辑《 自定义 》中', '2009-01-10', '<p>认错 - 许嵩</p><p>词：许嵩</p><p>曲：许嵩</p><p>编曲：许嵩</p><p>那天午后 我站在你家门口</p><p>你咬咬嘴唇还是说出了分手</p><p>我的挽留和眼泪全都没有用</p><p>或许我应该自食这苦果</p><p>你的迁就 我一直领悟不够</p><p>以为爱已强大的不要理由</p><p>心开始颤抖 明白了你的难受</p><p>但你的表情已经冷漠</p><p>全是我的错</p><p>现在认错有没有用</p><p>你说你已经不再爱我</p><p>我带你回忆曾经快乐的时空</p><p>你只是劝我别再执着</p><p>全是我的错</p><p>现在认错有没有用</p><p>你说你喜欢如今的生活</p><p>你带我回忆爱里互相的折磨</p><p>还告诉了我</p><p>别再来认错 认结果</p><p>那天午后 我站在你家门口</p><p>你咬咬嘴唇还是说出了分手</p><p>我的挽留和眼泪全都没有用</p><p>或许我应该自食这苦果</p><p>你的迁就 我一直领悟不够</p><p>以为爱已强大的不要理由</p><p>心开始颤抖 明白了你的难受</p><p>但你的表情已经冷漠</p><p>全是我的错</p><p>现在认错有没有用</p><p>你说你已经不再爱我</p><p>我带你回忆曾经快乐的时空</p><p>你只是劝我别再执着</p><p>全是我的错</p><p>现在认错有没有用</p><p>你说你喜欢如今的生活</p><p>你带我回忆爱里互相的折磨</p><p>还告诉了我 别来认错</p><p>全是我的错</p><p>现在认错有没有用</p><p>你说你已经不再爱我</p><p>我带你回忆曾经快乐的时空</p><p>你只是劝我别再执着</p><p>劝我别那么</p><p>全是我的错</p><p>现在认错有没有用</p><p>你说你喜欢如今的生活</p><p>你带我回忆爱里互相的折磨</p><p>还告诉了我</p><p>别再来认错 认结果</p>\r\n', '认错.mp3', '20004', '30008', '40001');
INSERT INTO `song` VALUES ('60059', '内线', '04:07', '许嵩', '许嵩', '许嵩', '那些歌曲背后的创作故事你知道吗？\r\n先有故事才有歌，用歌曲记录那些岁月\r\n用歌声唱响内心的爱与感动\r\n那些年爱过的人，听过的歌，你还记得吗？那些藏着我们的青春和爱情的歌呀！订阅本专辑，跟着我一期回味岁月的留香吧！', '2009-01-10', '<p>内线 - 许嵩</p><p>词：许嵩</p><p>曲：许嵩</p><p>编曲：许嵩</p><p>血腥的风放肆嘲笑漫天的黄叶</p><p>这大街已横尸遍野</p><p>而你却消失在蒙面执行</p><p>任务杀气腾腾的夜</p><p>我听见有人猜</p><p>你是敌人潜伏的内线</p><p>和你相知多年</p><p>我确信对你的了解</p><p>你舍命救我画面</p><p>一一在眼前浮现</p><p>司空见惯了鲜血</p><p>你忘记你本是娇娆的红颜</p><p>感觉你我彼此都那么依恋</p><p>你落入封闭的地牢</p><p>发不出求救的讯号</p><p>我折返这古堡 提着刀</p><p>杀红了眼 不依不饶</p><p>你落入封闭的地牢</p><p>发不出求救的讯号</p><p>我却能感应到</p><p>打开锁链 你浅浅笑和我拥抱</p><p>血腥的风放肆嘲笑漫天的黄叶</p><p>这大街已横尸遍野</p><p>而你却消失在蒙面执行</p><p>任务杀气腾腾的夜</p><p>我听见有人猜</p><p>你是潜伏的内线</p><p>和你相知多年</p><p>我确信对你的了解</p><p>你舍命救我画面</p><p>一一在眼前浮现</p><p>司空见惯了鲜血</p><p>你忘记你本是娇娆的红颜</p><p>感觉你我彼此都那么依恋</p><p>你落入封闭的地牢</p><p>发不出求救的讯号</p><p>我折返这古堡 提着刀</p><p>杀红了眼 不依不饶</p><p>你落入封闭的地牢</p><p>发不出求救的讯号</p><p>我却能感应到</p><p>打开锁链 你浅浅笑和我拥抱</p><p>我从来没有想到的是</p><p>这是你我第一次拥抱 带着浅浅笑</p><p>你说会陪我一直到老 远离这尘嚣</p><p>我闭着眼感受幸福的微妙</p><p>把刀剑扔掉</p><p>你突然转身 匕首刺进我的心脏</p><p>带着浅浅笑</p>\r\n', '内线.mp3', '20004', '30008', '40001');
INSERT INTO `song` VALUES ('60060', '星座书上', '03:59', '许嵩', '许嵩', '许嵩', '《星座书上》，依旧延续歌迷们所谓\"V式\"浪漫词风，旋律线简洁却不缺乏技巧性，陈述部和副歌之间的强烈对比有着极大的情感冲击力。许嵩的编曲以及制作令人佩服。演唱方面，其歌迷一直称其为“灵魂派”——用心歌唱的孩子最动人。如果听许嵩，就不要指望听到十分高超的声乐技巧，在这里只有朴质如说话的倾诉。', '2009-01-10', '<p>星座书上 - 许嵩</p><p>词：许嵩</p><p>曲：许嵩</p><p>编曲：许嵩</p><p>星光点亮了 海水泛起皱褶</p><p>晚风咸咸的 吹散你我身旁余热</p><p>不够彼此信任 还是有了裂痕</p><p>为什么感觉有些陌生了</p><p>沿海岸奔跑 寻找属于我们的岛</p><p>有一些问号 也许对你并不重要</p><p>可很久没深聊 也很久没拥抱</p><p>翻开书本把答案寻找</p><p>星座书上说我们不合</p><p>金牛座的我配不上你的好</p><p>难过后想想也许只是碰巧</p><p>我们的故事写书人怎明了</p><p>星座书上说我们不合</p><p>最后我偷偷把那页撕掉</p><p>真的爱情没法预料</p><p>何必让你知道 就算你早知道</p><p>沿海岸奔跑 寻找属于我们的岛</p><p>有一些问号 也许对你并不重要</p><p>可很久没深聊 也很久没拥抱</p><p>翻开书本把答案寻找</p><p>星座书上说我们不合</p><p>金牛座的我配不上你的好</p><p>难过后想想也许只是碰巧</p><p>我们的故事写书人怎明了</p><p>星座书上说我们不合</p><p>最后我偷偷把那页撕掉</p><p>真的爱情没法预料</p><p>何必让你</p><p>星座书上说我们不合</p><p>金牛座的我配不上你的好</p><p>难过后想想也许只是碰巧</p><p>我们的故事写书人怎明了</p><p>星座书上说我们不合</p><p>最后我偷偷把那页撕掉</p><p>真的爱情没法预料</p><p>何必让你知道 就算你早知道</p>', '星座书上.mp3', '20004', '30008', '40001');
INSERT INTO `song` VALUES ('60061', '奇谈', '03:53', '许嵩', '许嵩', '郑楠', '《奇谈》是由歌手 许嵩 作词、作曲并演唱的一首音乐单曲。 该音乐单曲于2016年6月25日发行，于2016年6月27日收录在其音乐专辑《 青年晚报 》中', '2016-06-27', '<p>奇谈 - 许嵩</p><p>词：许嵩</p><p>曲：许嵩</p><p>编曲：郑楠</p><p>兽皮不要掀开 你说能孵蛋</p><p>壁画不要破坏 能进博物馆</p><p>猎人要吃素菜 野鹿在期待</p><p>我一字一句都要意在言外</p><p>精美砾石一块 打造要气派</p><p>粗糙历史一段 座次怎么摆</p><p>丛林放一把火 要抵御夜寒</p><p>趋炎附势的物种注定要淘汰</p><p>你靠不靠谱</p><p>靠不靠谱</p><p>可别答复</p><p>心里都清楚</p><p>你靠不靠谱</p><p>靠不靠谱</p><p>脑袋返祖</p><p>扯碎遮羞布</p><p>兽皮不要掀开 你说能孵蛋</p><p>壁画不要破坏 能进博物馆</p><p>猎人要吃素菜 野鹿在期待</p><p>我一字一句都要意在言外</p><p>精美砾石一块 打造要气派</p><p>粗糙历史一段 座次怎么摆</p><p>丛林放一把火 要抵御夜寒</p><p>趋炎附势的物种注定要淘汰</p><p>你靠不靠谱</p><p>靠不靠谱</p><p>可别答复</p><p>心里都清楚</p><p>你靠不靠谱</p><p>靠不靠谱</p><p>脑袋返祖</p><p>扯碎遮羞布</p><p>你靠不靠谱</p><p>靠不靠谱</p><p>可别答复</p><p>心里都清楚</p><p>你靠不靠谱</p><p>靠不靠谱</p><p>脑袋返祖</p><p>扯碎遮羞布</p>', '奇谈.mp3', '20004', '30009', '40001');
INSERT INTO `song` VALUES ('60062', '雅俗共赏', '04:09', '许嵩', '许嵩', '郑楠', '《雅俗共赏》由许嵩作词、作曲及制作。电钢、电吉他与流动的电子乐音色铺陈出迷离氛围，层层推进，细节考究，引人玩味。游走在深沉与诙谐之间的演绎方式，具有极为强烈的个人风格。', '2016-06-27', '<p>雅俗共赏 - 许嵩</p><p>词：许嵩</p><p>曲：许嵩</p><p>编曲：郑楠</p><p>是否每一部戏都看得完整场</p><p>是否每一天过得都有多难忘</p><p>表情迟钝可能因为比较爱想</p><p>不擅长眉目表达</p><p>总在盼望 总在失望</p><p>日子还不都这样</p><p>俗的无畏 雅的轻狂</p><p>还不都是一副臭皮囊</p><p>他们说快写一首情歌雅俗共赏</p><p>落笔传神还要容易传唱</p><p>上得厅堂也下得厨房</p><p>就像我一直在找的姑娘</p><p>快写一首情歌雅俗共赏</p><p>打完字谜还要接着打榜</p><p>如果胡同弄堂全都播放</p><p>气韵里居然添了些孤芳自赏</p><p>是否每一场美梦醒来都很爽</p><p>是否每一次成熟都徒增了业障</p><p>比痛和痒更多的</p><p>是不痛不痒</p><p>所以我爱进剧场</p><p>总在盼望 总在失望</p><p>日子还不都这样</p><p>俗的无畏 雅的轻狂</p><p>还不都是一副臭皮囊</p><p>他们说快写一首情歌雅俗共赏</p><p>落笔传神还要容易传唱</p><p>上得厅堂也下得厨房</p><p>就像我一直在找的姑娘</p><p>快写一首情歌雅俗共赏</p><p>打完字谜还要接着打榜</p><p>如果胡同弄堂全都播放</p><p>气韵里居然添了些孤芳自赏</p><p>谁的故事有营养</p><p>大俗或大雅的都在理直气壮</p><p>洒狗血或白雪的现场</p><p>都邀我观赏</p><p>还真是大方</p><p>快写一首情歌雅俗共赏</p><p>落笔传神还要容易传唱</p><p>上得厅堂也下得厨房</p><p>就像我一直在找的姑娘</p><p>有没有一种生活雅俗共赏</p><p>情节起伏跌宕让人向往</p><p>满纸荒唐中窥见满脸沧桑</p><p>触到神经就要懂得鼓掌</p><p>别说一不在乎二没期望</p><p>太超脱 中枪中奖感觉会一样</p>', '雅俗共赏.mp3', '20004', '30009', '40001');
INSERT INTO `song` VALUES ('60063', '最佳歌手', '04:27', '许嵩', '许嵩', 'Adam Lee', '《最佳歌手》由许嵩作词作曲及制作、混音。复古风味的Groove和布鲁斯吉他开场，歌词表层叙事，内里暗藏玄机，加上许嵩感而不伤的演绎，令人难忘。编曲方面由许嵩好友——新加坡编曲大师Adam Lee操刀，在新专辑《青年晚报》中他们有多首合作。Adam Lee从业二十余年编配过天王天后们大量金曲，他这样形容许嵩的创作：“年青人的蓬勃灵感与前卫意识，同时还拥有一个对生活具有洞见的老灵魂”。', '2016-06-27', '<p>最佳歌手 - 许嵩</p><p>词：许嵩</p><p>曲：许嵩</p><p>编曲：Adam Lee</p><p>我们最好的遇见</p><p>是现在这样的四月</p><p>柳絮抚着那条街</p><p>像大雪一样的热烈</p><p>你轻轻唱起我的歌</p><p>我受宠若惊的喜悦</p><p>绝佳的歌艺里面</p><p>多少故事做铺垫</p><p>我们最好的告别</p><p>是现在这样没红眼</p><p>因你而起的一泓喜悲</p><p>权当年轻留个纪念</p><p>清晨回笼做了梦</p><p>你成明星开演唱会</p><p>场馆里歌迷很多</p><p>我被人潮推到尽头</p><p>你在台上唱着我的创作</p><p>布局谋篇像本悲情小说</p><p>你太擅长表演</p><p>表情淡漠反倒有催泪效果</p><p>我在台下已经开始感动</p><p>大屏幕里忽然给我镜头</p><p>微笑挥挥手</p><p>多懂事的观众</p><p>初见和告别之间</p><p>回想只剩星星点点</p><p>曾以为刻骨细节</p><p>在骨灰里面怎么捡</p><p>沿着环路兜一圈</p><p>循环放你唱过的歌</p><p>心里的舞台已启幕</p><p>主角登场引来掌声雷动</p><p>你在台上唱着我的创作</p><p>布局谋篇像本悲情小说</p><p>你太擅长表演</p><p>表情淡漠反倒有催泪效果</p><p>我在台下已经开始感动</p><p>大屏幕里忽然给我镜头</p><p>微笑挥挥手</p><p>多懂事的观众</p><p>你在台上唱着我的创作</p><p>布局谋篇像本悲情小说</p><p>你太擅长表演</p><p>表情淡漠反倒有催泪效果</p><p>我在台下已经开始感动</p><p>整个世界全是你的镜头</p><p>听完这一首</p><p>就理性地退后</p><p>直到某一天碰面</p><p>在某家餐厅或商店</p><p>你挽着他和我擦肩</p><p>还好 我手也有人牵</p><p>广播里响起的歌</p><p>是恍若隔世的注解</p><p>最佳歌手的头衔</p><p>大致上有了人选</p><p>最佳歌手的感言</p><p>记得要慢慢念</p>', '最佳歌手.mp3', '20004', '30009', '40001');
INSERT INTO `song` VALUES ('60064', '幻胖', '04:01', '许嵩', '许嵩', 'Adam Lee', '《幻胖》是由歌手 许嵩 作词、作曲并演唱的一首音乐单曲。 该音乐单曲于2016年6月25日发行，于2016年6月27日收录在其音乐专辑《 青年晚报 》中', '2016-06-27', '<p>幻胖 - 许嵩</p><p>词：许嵩</p><p>曲：许嵩</p><p>编曲：Adam Lee</p><p>得闲宁可散步 也不敢刷朋友圈</p><p>因为有的姑娘总爱发自拍的照片</p><p>她们腰肢纤纤 她们的脸很尖</p><p>可她们总是会说</p><p>胖了胖了真纠结</p><p>一开始会以为</p><p>这不过是一种谦虚表演</p><p>后来却发现</p><p>她们真的超级关心体重的增减</p><p>花了很多的钱 为健身房做贡献</p><p>对着镜子唏嘘自己又胖了一圈</p><p>一起出去约个饭 姑娘却只点蔬菜</p><p>吃的比在太古里</p><p>化缘的尼姑还要清淡</p><p>C D尽情缩水 虽九死其犹未悔</p><p>反正约会时候自我感觉要美</p><p>哎呀哎呀 赘肉看起来还是有点多</p><p>哎呀哎呀 什么时候才能变得洒脱</p><p>对比现实和小说</p><p>飞燕的轻盈虽然不错</p><p>可好像也不能不在乎是否好摸</p><p>幻胖的女孩</p><p>需要好好的吃饭</p><p>脸圆圆的蛮可爱</p><p>干嘛要骨瘦如柴</p><p>幻胖的女孩</p><p>她的名字叫当代</p><p>自以为过度丰满</p><p>让盛唐情何以堪</p><p>秋千细腰女 摇曳逐风斜</p><p>眼看着快要入夏 衣服越穿越少啦</p><p>怎样的身材才能让每条裙子百搭</p><p>百搭 眼神不够自信怎样都是白搭</p><p>没事别管旁人的想法</p><p>反正我们每天遇到傻瓜的概率</p><p>比买彩票不中奖的概率还要来得大</p><p>当你的城市忽然冒出了第二个CBD</p><p>当你每天重复的劳作不停贡献GDP</p><p>想要个转机 想改善外形</p><p>朋友反复指点你</p><p>提提颜值能带来福气</p><p>对自己挑剔 越来越挑剔</p><p>陷入完美主义</p><p>忘了什么才是最要紧</p><p>躺在风尚的洪流里</p><p>躺在理性的缺席里</p><p>躺在各种社交网络</p><p>表演和被赞 的死循环里</p><p>幻胖的女孩</p><p>需要好好的吃饭</p><p>脸圆圆的蛮可爱</p><p>干嘛要骨瘦如柴</p><p>幻胖的女孩</p><p>她的名字叫当代</p><p>自以为过度丰满</p><p>让盛唐情何以堪</p><p>幻胖的女孩</p><p>需要好好的吃饭</p><p>脸圆圆的蛮可爱</p><p>干嘛要骨瘦如柴</p><p>幻胖的女孩</p><p>她的名字叫当代</p><p>自以为过度丰满</p><p>让盛唐</p><p>幻胖的女孩</p><p>干瘪的饰带</p><p>幻胖的女孩</p><p>干瘪的饰带</p>', '幻胖.mp3', '20004', '30009', '40001');
INSERT INTO `song` VALUES ('60065', '摄影艺术', '04:27', '许嵩', '许嵩', 'Adam Lee', '《摄影艺术》电吉他的分解和弦伴随着粗粝的鼓点，仿佛后视镜里的风景凶猛的倒退，催促着听歌的人跳入回忆深坑。歌中所言：“拍过我的人/傻笑得多诚恳/按下了快门/晓得心动不长存”——有些心动，只定格在相片之中，有些感情，注定无疾而终。若你此刻翻出一张旧爱的相片，当时的心动感觉，一定还是可以清晰忆起，但想到这个人此刻已和自己没有了联系，空留这相片一幅，这份物是而人非，正是人生旅途里需要不断面对的真相。', '2016-06-27', '<p>摄影艺术 - 许嵩</p><p>词：许嵩</p><p>曲：许嵩</p><p>编曲：Adam Lee</p><p>制作人：许嵩</p><p>面朝大海</p><p>我站成了大海</p><p>你在我里面浮沉</p><p>回忆 是一条狂犬</p><p>追咬了许多年</p><p>却还没掌握进退分寸</p><p>时光流转</p><p>谁还用日记本</p><p>往事有底片为证</p><p>拍照别开闪光灯窥探爱人灵魂</p><p>要信自己的感觉够真</p><p>你带领着我穿透了黄昏</p><p>逆着光</p><p>闭上了一只眼</p><p>开启摄影的天分</p><p>拍过我的人</p><p>傻笑得多诚恳</p><p>摁下了快门</p><p>晓得心动不长存</p><p>拍过我的人</p><p>体谅了我的冷</p><p>热情没及格</p><p>真性情得高分</p><p>拍过我的人</p><p>走前还留了吻</p><p>花心思调整</p><p>爱和怨的白平衡</p><p>爱过你的人</p><p>躺在相片里等</p><p>面孔已褪色</p><p>缅怀却更深沉</p><p>镜头挺狠</p><p>岁月比它还狠</p><p>特写呈上了皱纹</p><p>情爱里受的熬煎</p><p>没修得共枕眠</p><p>却慢慢修得沉默不言</p><p>相见恨晚</p><p>相处有没恨短</p><p>别刻意夸大缘分</p><p>拍照不用想太深</p><p>什么霎那间的永恒</p><p>谁咬定自己不是过客</p><p>你带领着我穿透了黄昏</p><p>逆着光</p><p>闭上了一只眼</p><p>开启摄影的天分</p><p>拍过我的人</p><p>傻笑得多诚恳</p><p>摁下了快门</p><p>晓得心动不长存</p><p>拍过我的人</p><p>体谅了我的冷</p><p>热情没及格</p><p>真性情得高分</p><p>拍过我的人</p><p>走前还留了吻</p><p>花心思调整</p><p>爱和怨的白平衡</p><p>爱过你的人</p><p>躺在相片里等</p><p>面孔已褪色</p><p>缅怀却更深沉</p><p>一座城市的神秘景点早让你拍腻</p><p>像原始的恋人被开发完所有可能性</p><p>数码时代用千万像素</p><p>制造出当我把你放大到底后</p><p>只剩马赛克的失意</p><p>拍过我的人</p><p>傻笑得多诚恳</p><p>摁下了快门</p><p>晓得心动不长存</p><p>拍过我的人</p><p>体谅了我的冷</p><p>热情没及格</p><p>真性情得高分</p><p>拍过我的人</p><p>走前还留了吻</p><p>花心思调整</p><p>爱和怨的白平衡</p><p>爱过你的人</p><p>躺在相片里等</p><p>面孔已褪色</p><p>缅怀却更深沉</p>\r\n', '摄影艺术.mp3', '20004', '30009', '40001');
INSERT INTO `song` VALUES ('60066', '平行宇宙', '03:29', '许嵩', '许嵩', '朱金泰', '《平行宇宙》是歌手 许嵩 作词、作曲并演唱的一首音乐单曲。 该音乐单曲于2016年6月27日发行并收录在其音乐专辑《 青年晚报 》中，是专辑中的第六首音乐单曲。', '2016-06-27', '<p>平行宇宙 - 许嵩</p><p>词：许嵩</p><p>曲：许嵩</p><p>编曲：朱金泰</p><p>我梦见我轻盈自由的腾空</p><p>随后画面切到我背着你遨游</p><p>你眼睛开始闪烁点点星光</p><p>可能是美梦来的太突然了吧</p><p>那时候在一起的时间很多</p><p>只不过珍惜的意义还没搞懂</p><p>虽然说 如今已经分开很久</p><p>有时候</p><p>还是不经意想你的笑容</p><p>深爱过 所以没有再联络</p><p>不回头 因为勉强的笑很难受</p><p>深爱过 真心感谢你陪我度过</p><p>那几年 苦中有甜的生活</p><p>床头柜 躺着一本老旧相册</p><p>也就是 闲极的时候才翻一翻</p><p>还养着你走时留下的小狗</p><p>长大后 它心事重重不太活泼</p><p>这条路我们没能走到最后</p><p>朋友说 是个意外的意料之中</p><p>有时相信在某个平行的宇宙</p><p>你的爱还一如既往陪在我左右</p><p>深爱过 所以没有再联络</p><p>没有再联络</p><p>不回头 因为勉强的笑很难受</p><p>深爱过</p><p>真心感谢你陪我度过那几年</p><p>深爱过 所以没有再联络</p><p>不回头 因为勉强的笑很难受</p><p>深爱过 真心感谢你陪我度过</p><p>那几年 苦中有甜的生活</p><p>多年后再想起你</p><p>镜子里一副流泪的笑容</p>', '平行宇宙.mp3', '20004', '30009', '40001');
INSERT INTO `song` VALUES ('60067', '燕归巢', '04:54', '许嵩', '许嵩', '田汨', '《燕归巢》由许嵩词曲创作及制作，是许嵩的心水之作。作品发挥了他见长的节奏音乐特质，在鼓点节奏的舒缓摆荡中层层递进情绪，电子音色与古朴的民族乐器熔于一炉，恰好与借古喻今的歌词相映成趣，经典与流行交融，不落窠臼。演唱方面，许嵩用沉稳而洒脱的口吻淡淡讲述思乡的离愁与归巢的喜悦，精彩展现词作品里韵味丰富的情绪层次。《燕归巢》配乐的制作过程中，许嵩作为制作人与吉他名家高飞、知名古筝演奏家程皓如以及琵琶、马头琴、弦乐的演奏家们进行了多日的排练与讨论，在录音棚里录制了多样的演奏版本，最终由许嵩将全部演奏素材带回工作室亲自进行取舍和编辑，歌曲中的乐器每一处细节巧思与神来之笔均是千锤百炼后的结果。', '2016-06-27', '<p>燕归巢 - 许嵩</p><p>词：许嵩</p><p>曲：许嵩</p><p>编曲：田汨</p><p>雨后江岸天破晓</p><p>老舟新客知多少</p><p>远山见竹林芳草</p><p>晨风抚绿了芭蕉</p><p>寒梅落尽把冬了</p><p>衔春的燕想归巢</p><p>沿途的景 牵挂的人</p><p>两情迢迢</p><p>柳叶桨溅桃花浪</p><p>汀州里鹤眺远方</p><p>饮一盏岁月留香</p><p>唱一曲往事飞扬</p><p>山水间歌声回荡</p><p>回荡思念的滚烫</p><p>去年的家书两行</p><p>读来又热了眼眶</p><p>云水边静沐暖阳</p><p>烟波里久违的故乡</p><p>别来无恙</p><p>你在心上</p><p>雨后江岸天破晓</p><p>老舟新客知多少</p><p>远山见竹林芳草</p><p>晨风抚绿了芭蕉</p><p>寒梅落尽把冬了</p><p>衔春的燕想归巢</p><p>沿途的景 牵挂的人</p><p>两情迢迢</p><p>柳叶桨溅桃花浪</p><p>汀州里鹤眺远方</p><p>饮一盏岁月留香</p><p>唱一曲往事飞扬</p><p>山水间歌声回荡</p><p>回荡思念的滚烫</p><p>去年的家书两行</p><p>读来又热了眼眶</p><p>云水边静沐暖阳</p><p>烟波里久违的故乡</p><p>别来无恙</p><p>你在心上</p><p>儿时的窗 苍老的墙</p><p>是否偷换了方向</p><p>堂前的你和我相逢时</p><p>会沉默还是会诉尽衷肠</p><p>山水间歌声回荡</p><p>回荡思念的滚烫</p><p>去年的家书两行</p><p>读来又热了眼眶</p><p>云水边静沐暖阳</p><p>烟波里久违的故乡</p><p>别来无恙</p><p>你在心上</p><p>别来无恙</p><p>你在心上</p>', '燕归巢.mp3', '20004', '30009', '40001');
INSERT INTO `song` VALUES ('60068', '摆脱', '03:39', '许嵩', '许嵩', '蔡庭贵', '《摆脱》是由许嵩作词、作曲并演唱的一首音乐单曲。 该音乐单曲于2016年6月27日发行并收录在其音乐专辑《青年晚报》中。', '2016-06-27', '<p>摆脱 - 许嵩</p><p>词：许嵩</p><p>曲：许嵩</p><p>编曲：蔡庭贵</p><p>摆脱了二十出头的叛逆</p><p>摆脱不了倔强的脾气</p><p>摆脱了十足乏味的交际</p><p>摆脱不了群居属性</p><p>摆脱了听到谣言的揪心</p><p>摆脱不了听美言的暗喜</p><p>摆脱得了儿女私情</p><p>摆脱不了内分泌</p><p>谁有天大力气</p><p>可以拎着自己飞呀</p><p>拎着自己头发直到双脚都离地</p><p>谁有天大力气</p><p>可以拎着自己飞呀</p><p>所有力不从心都是摆脱不了自己</p><p>摆脱了对健康的在意</p><p>摆脱不了对死亡的恐惧</p><p>摆脱了生活的压力</p><p>摆脱不了人似浮萍</p><p>摆脱了那些世俗的追求</p><p>摆脱不了无求所引发的孤寂</p><p>这首歌摆脱了锻字练句</p><p>摆脱不了小心机</p><p>谁有天大力气</p><p>可以拎着自己飞呀</p><p>拎着自己头发直到双脚都离地</p><p>谁有天大力气</p><p>可以拎着自己飞呀</p><p>所有力不从心都是摆脱不了自己</p><p>谁有天大力气</p><p>可以拎着自己飞呀</p><p>拎着自己头发直到双脚都离地</p><p>谁有天大力气</p><p>可以拎着自己飞呀</p><p>所有力不从心都是摆脱不了自己</p><p>谁有天大力气</p><p>可以拎着自己飞呀</p><p>拎着自己头发直到双脚都离地</p><p>谁有天大力气</p><p>可以拎着自己飞呀</p><p>所有力不从心都是摆脱不了自己</p><p>谁有天大力气</p><p>可以拎着自己飞呀</p><p>拎着自己头发直到双脚都离地</p><p>谁有天大力气</p><p>可以拎着自己飞呀</p><p>所有力不从心都是摆脱不了自己</p>', '摆脱.mp3', '20004', '30009', '40001');
INSERT INTO `song` VALUES ('60069', '早睡身体好', '04:39', '许嵩', '许嵩', '陈伟伦', '《早睡身体好》是 许嵩 的第六张词曲全创作专辑《 青年晚报 》中的最后一首 歌曲，2016年6月27日发行。', '2016-06-27', '<p>早睡身体好 - 许嵩</p><p>词：许嵩</p><p>曲：许嵩</p><p>编曲：陈伟伦</p><p>姑娘你看你</p><p>一到家就哭泣</p><p>为流言几句</p><p>真的有点儿傻气</p><p>你脑子聪明</p><p>但躲不了世俗的雨</p><p>想开点 是我送你的雨衣</p><p>他们太理性</p><p>每秒都在权衡利弊</p><p>你独自失语</p><p>撑到坚强癌晚期</p><p>夜色已浓郁</p><p>耗着也不会有惊喜</p><p>快睡吧 是我善意的提醒</p><p>早睡身体好 睡前别吃太饱</p><p>早睡身体好 伤心容易感冒</p><p>早睡身体好 有什么值得烦恼</p><p>早睡身体好 明天还要起早</p><p>不爱被问起</p><p>那些终极命题</p><p>夏虫不可语冰</p><p>不仁的生存场域</p><p>你脑子聪明</p><p>总在替未来焦虑</p><p>歇着吧 是我送你的药剂</p><p>三十楼望去</p><p>街道上人如蝼蚁</p><p>每个人都有</p><p>各自的恐惧和野心</p><p>死想要的 常常得不到</p><p>不想了的时候哗哗哗都来了</p><p>躺下吧 做些快乐的事情</p><p>早睡身体好 睡前别吃太饱</p><p>早睡身体好 伤心容易感冒</p><p>早睡身体好 有什么值得烦恼</p><p>早睡身体好 明天还要起早</p><p>早睡身体好 爱情别吃太饱</p><p>早睡身体好 伤心容易感冒</p><p>早睡身体好 有什么值得烦恼</p><p>早睡身体好 明天还要起早</p>\r\n', '早睡身体好.mp3', '20004', '30009', '40001');

-- ----------------------------
-- Table structure for `song_sheet`
-- ----------------------------
DROP TABLE IF EXISTS `song_sheet`;
CREATE TABLE `song_sheet` (
  `id` int NOT NULL AUTO_INCREMENT,
  `name` varchar(50) NOT NULL,
  `create_time` date DEFAULT NULL,
  `introduction` varchar(1500) DEFAULT NULL,
  `play_count` int DEFAULT '0',
  `creator` int DEFAULT NULL,
  PRIMARY KEY (`id`),
  KEY `FK_song_sheet_creator` (`creator`),
  CONSTRAINT `FK_song_sheet_creator` FOREIGN KEY (`creator`) REFERENCES `user` (`id`) ON DELETE RESTRICT ON UPDATE RESTRICT
) ENGINE=InnoDB AUTO_INCREMENT=80002 DEFAULT CHARSET=utf8mb4 COLLATE=utf8mb4_0900_ai_ci;

-- ----------------------------
-- Records of song_sheet
-- ----------------------------
INSERT INTO `song_sheet` VALUES ('80001', '我喜欢', '2022-06-18', '', '0', '10001');

-- ----------------------------
-- Table structure for `song_sheet_details`
-- ----------------------------
DROP TABLE IF EXISTS `song_sheet_details`;
CREATE TABLE `song_sheet_details` (
  `song_id` int NOT NULL,
  `song_sheet_id` int NOT NULL,
  PRIMARY KEY (`song_id`,`song_sheet_id`),
  KEY `FK_song_sheet_details_song_sheet_id` (`song_sheet_id`),
  CONSTRAINT `FK_song_sheet_details_song_id` FOREIGN KEY (`song_id`) REFERENCES `song` (`id`) ON DELETE RESTRICT ON UPDATE RESTRICT,
  CONSTRAINT `FK_song_sheet_details_song_sheet_id` FOREIGN KEY (`song_sheet_id`) REFERENCES `song_sheet` (`id`) ON DELETE RESTRICT ON UPDATE RESTRICT
) ENGINE=InnoDB DEFAULT CHARSET=utf8mb4 COLLATE=utf8mb4_0900_ai_ci;

-- ----------------------------
-- Records of song_sheet_details
-- ----------------------------
INSERT INTO `song_sheet_details` VALUES ('60001', '80001');

-- ----------------------------
-- Table structure for `song_sheet_follow`
-- ----------------------------
DROP TABLE IF EXISTS `song_sheet_follow`;
CREATE TABLE `song_sheet_follow` (
  `user_id` int NOT NULL,
  `song_sheet_id` int NOT NULL,
  PRIMARY KEY (`user_id`,`song_sheet_id`),
  KEY `FK_song_sheet_follow_song_sheet_id` (`song_sheet_id`),
  CONSTRAINT `FK_song_sheet_follow_song_sheet_id` FOREIGN KEY (`song_sheet_id`) REFERENCES `song_sheet` (`id`) ON DELETE RESTRICT ON UPDATE RESTRICT,
  CONSTRAINT `Fk_song_sheet_follow_user_id` FOREIGN KEY (`user_id`) REFERENCES `user` (`id`) ON DELETE RESTRICT ON UPDATE RESTRICT
) ENGINE=InnoDB DEFAULT CHARSET=utf8mb4 COLLATE=utf8mb4_0900_ai_ci;

-- ----------------------------
-- Records of song_sheet_follow
-- ----------------------------
INSERT INTO `song_sheet_follow` VALUES ('10001', '80001');

-- ----------------------------
-- Table structure for `song_sheet_label`
-- ----------------------------
DROP TABLE IF EXISTS `song_sheet_label`;
CREATE TABLE `song_sheet_label` (
  `label_id` int NOT NULL,
  `song_sheet_id` int NOT NULL,
  PRIMARY KEY (`label_id`,`song_sheet_id`),
  KEY `FK_song_sheet_label_song_sheet_id` (`song_sheet_id`),
  CONSTRAINT `FK_song_sheet_label_label_id` FOREIGN KEY (`label_id`) REFERENCES `label` (`id`) ON DELETE RESTRICT ON UPDATE RESTRICT,
  CONSTRAINT `FK_song_sheet_label_song_sheet_id` FOREIGN KEY (`song_sheet_id`) REFERENCES `song_sheet` (`id`) ON DELETE RESTRICT ON UPDATE RESTRICT
) ENGINE=InnoDB DEFAULT CHARSET=utf8mb4 COLLATE=utf8mb4_0900_ai_ci;

-- ----------------------------
-- Records of song_sheet_label
-- ----------------------------

-- ----------------------------
-- Table structure for `user`
-- ----------------------------
DROP TABLE IF EXISTS `user`;
CREATE TABLE `user` (
  `id` int NOT NULL AUTO_INCREMENT,
  `account` char(20) NOT NULL,
  `password` char(20) NOT NULL,
  `name` varchar(20) NOT NULL,
  `head` varchar(20) DEFAULT NULL,
  `introduction` varchar(500) DEFAULT NULL,
  `register_time` datetime NOT NULL,
  PRIMARY KEY (`id`)
) ENGINE=InnoDB AUTO_INCREMENT=10003 DEFAULT CHARSET=utf8mb4 COLLATE=utf8mb4_0900_ai_ci;

-- ----------------------------
-- Records of user
-- ----------------------------
INSERT INTO `user` VALUES ('10001', 'zhuyuhang', '123456', 'Initial Z', 'zhuyuhang_head.jpg', 'Let it come!', '2022-06-14 18:44:16');
INSERT INTO `user` VALUES ('10002', 'chenzhilei', '123456', '清濑灰二', 'chenzhilei_head.jpg', 'keep calm and carry on', '2022-06-14 18:48:23');

-- ----------------------------
-- Table structure for `user_follow`
-- ----------------------------
DROP TABLE IF EXISTS `user_follow`;
CREATE TABLE `user_follow` (
  `follow_id` int NOT NULL,
  `be_followed_id` int NOT NULL,
  PRIMARY KEY (`follow_id`,`be_followed_id`),
  KEY `FK_be_followed` (`be_followed_id`),
  CONSTRAINT `FK_be_followed` FOREIGN KEY (`be_followed_id`) REFERENCES `user` (`id`) ON DELETE RESTRICT ON UPDATE RESTRICT,
  CONSTRAINT `FK_follow` FOREIGN KEY (`follow_id`) REFERENCES `user` (`id`) ON DELETE RESTRICT ON UPDATE RESTRICT
) ENGINE=InnoDB DEFAULT CHARSET=utf8mb4 COLLATE=utf8mb4_0900_ai_ci;

-- ----------------------------
-- Records of user_follow
-- ----------------------------
INSERT INTO `user_follow` VALUES ('10002', '10001');
INSERT INTO `user_follow` VALUES ('10001', '10002');
